tp_record_share,id_polizza_exp,id_polizza_invio,compagnia_share,agenzia,numero_polizza_cmp,progressivo,tipo_polizza_share,cmp_sostituita_1_share,agenzia_sostituita_1,numero_polizza_sostituita_1,progressivo_sostituita_1,numero_applicazione_lm,libro_matricola,filename,data_elaborazione_file,mandato
22,2023010402904,2023010402904,035,659,2023010402904,0,2,,-,2022010345184,0,,N,22_C_4_659_20240902004720_0_P.csv,2024-09-02,1
22,2021010582772,2021010582772,035,130,2021010582772,0,2,,-,2020010545934,0,,N,22_C_4_130_20240901004644_0_P.csv,2024-09-01,1
22,2011010409669,2011010409669,035,465,2011010409669,0,2,,-,2005010585002,0,,N,22_C_4_465_20240719145852_0_P.csv,2024-07-19,1
22,2013010477065,2013010477065,035,114,2013010477065,0,2,,-,2009010292181,0,,N,22_C_4_114_20240719145005_0_P.csv,2024-07-19,1
22,2018010411056,2018010411056,035,465,2018010411056,0,2,,-,2011010421369,0,,N,22_C_4_465_20240719145852_0_P.csv,2024-07-19,1
22,2018010473169,2018010473169,035,465,2018010473169,0,2,,-,2012010257651,0,,N,22_C_4_465_20240719145852_0_P.csv,2024-07-19,1
22,2014010463969,2014010463969,035,114,2014010463969,0,2,,-,2014010249503,0,,N,22_C_4_114_20240719145005_0_P.csv,2024-07-19,1
22,2016010658433,2016010658433,035,130,2016010658433,0,2,,-,2014010806797,0,,N,22_C_4_130_20240719145109_0_P.csv,2024-07-19,1
22,2022010496278,2022010496278,035,130,2022010496278,0,2,,-,2015010365328,0,,N,22_C_4_130_20240719145109_0_P.csv,2024-07-19,1
22,2020010036040,2020010036040,035,130,2020010036040,0,2,,-,2016010304770,0,,N,22_C_4_130_20240719145109_0_P.csv,2024-07-19,1
22,2017010469033,2017010469033,035,465,2017010469033,0,2,,-,2016010409095,0,,N,22_C_4_465_20240719145852_0_P.csv,2024-07-19,1
22,2018010424833,2018010424833,035,130,2018010424833,0,2,,-,2017010444808,0,,N,22_C_4_130_20240719145109_0_P.csv,2024-07-19,1
22,2021010158820,2021010158820,035,465,2021010158820,0,2,,-,2017010749602,0,,N,22_C_4_465_20240719145852_0_P.csv,2024-07-19,1
22,2021010491597,2021010491597,035,114,2021010491597,0,2,,-,2018010397035,0,,N,22_C_4_114_20240719145005_0_P.csv,2024-07-19,1
22,2018010629174,2018010629174,035,465,2018010629174,0,2,,-,2018010420174,0,,N,22_C_4_465_20240719145852_0_P.csv,2024-07-19,1
22,2020010375163,2020010375163,035,130,2020010375163,0,2,,-,2018010444197,0,,N,22_C_4_130_20240719145109_0_P.csv,2024-07-19,1
22,2020010312441,2020010312441,035,130,2020010312441,0,2,,-,2019010326356,0,,N,22_C_4_130_20240719145109_0_P.csv,2024-07-19,1
22,2020010438987,2020010438987,035,130,2020010438987,0,2,,-,2019010341938,0,,N,22_C_4_130_20240719145109_0_P.csv,2024-07-19,1
22,2022010256756,2022010256756,035,465,2022010256756,0,2,,-,2019010386886,0,,N,22_C_4_465_20240719145852_0_P.csv,2024-07-19,1
22,2023010071905,2023010071905,035,130,2023010071905,0,2,,-,2019010391141,0,,N,22_C_4_130_20240719145109_0_P.csv,2024-07-19,1
22,2021010347852,2021010347852,035,130,2021010347852,0,2,,-,2019010398901,0,,N,22_C_4_130_20240719145109_0_P.csv,2024-07-19,1
22,2023010351014,2023010351014,035,465,2023010351014,0,2,,-,2019010409042,0,,N,22_C_4_465_20240719145852_0_P.csv,2024-07-19,1
22,2023010353230,2023010353230,035,465,2023010353230,0,2,,-,2019010425950,0,,N,22_C_4_465_20240719145852_0_P.csv,2024-07-19,1
22,2021010398390,2021010398390,035,130,2021010398390,0,2,,-,2019010440064,0,,N,22_C_4_130_20240719145109_0_P.csv,2024-07-19,1
22,2019010706579,2019010706579,035,130,2019010706579,0,2,,-,2019010652662,0,,N,22_C_4_130_20240719145109_0_P.csv,2024-07-19,1
22,2020010593824,2020010593824,035,130,2020010593824,0,2,,-,2019010676363,0,,N,22_C_4_130_20240719145109_0_P.csv,2024-07-19,1
22,2021010065300,2021010065300,035,130,2021010065300,0,2,,-,2020010265201,0,,N,22_C_4_130_20240719145109_0_P.csv,2024-07-19,1
22,2022010336202,2022010336202,035,130,2022010336202,0,2,,-,2020010297803,0,,N,22_C_4_130_20240719145109_0_P.csv,2024-07-19,1
22,2024010026538,2024010026538,035,130,2024010026538,0,2,,-,2020010377829,0,,N,22_C_4_130_20240719145109_0_P.csv,2024-07-19,1
22,2021010368210,2021010368210,035,114,2021010368210,0,2,,-,2020010378451,0,,N,22_C_4_114_20240719145005_0_P.csv,2024-07-19,1
22,2021010051896,2021010051896,035,114,2021010051896,0,2,,-,2020010451103,0,,N,22_C_4_114_20240719145005_0_P.csv,2024-07-19,1
22,2022010034479,2022010034479,035,114,2022010034479,0,2,,-,2021010021923,0,,N,22_C_4_114_20240719145005_0_P.csv,2024-07-19,1
22,2023010410484,2023010410484,035,659,2023010410484,0,2,,2021,2021010369907,0,,N,22_C_4_659_20240719150046_0_P.csv,2024-07-19,1
22,2022010332655,2022010332655,035,114,2022010332655,0,2,,-,2021010480124,0,,N,22_C_4_114_20240719145005_0_P.csv,2024-07-19,1
22,2022010293812,2022010293812,035,114,2022010293812,0,2,,-,2021010496802,0,,N,22_C_4_114_20240719145005_0_P.csv,2024-07-19,1
22,2022010289056,2022010289056,035,659,2022010289056,0,2,,-,2022010087349,0,,N,22_C_4_659_20240719150046_0_P.csv,2024-07-19,1
22,2023010367646,2023010367646,035,465,2023010367646,0,2,,-,2022010264971,0,,N,22_C_4_465_20240719145852_0_P.csv,2024-07-19,1
22,2023010351538,2023010351538,035,114,2023010351538,0,2,,-,2022010291030,0,,N,22_C_4_114_20240719145005_0_P.csv,2024-07-19,1
22,2023010526869,2023010526869,035,130,2023010526869,0,2,,-,2022010455093,0,,N,22_C_4_130_20240719145109_0_P.csv,2024-07-19,1
22,2024010076393,2024010076393,035,130,2024010076393,0,2,,-,2023010016494,0,,N,22_C_4_130_20240719145109_0_P.csv,2024-07-19,1
22,2024010076397,2024010076397,035,130,2024010076397,0,2,,-,2023010016953,0,,N,22_C_4_130_20240719145109_0_P.csv,2024-07-19,1
22,2024016009884,2024016009884,035,114,2024016009884,0,2,,-,2023010123437,0,,N,22_C_4_114_20240719145005_0_P.csv,2024-07-19,1
22,2023010600099,2023010600099,035,130,2023010600099,0,2,,-,2023010202883,0,,N,22_C_4_130_20240719145109_0_P.csv,2024-07-19,1
22,2024010139364,2024010139364,035,465,2024010139364,0,2,,-,2023010619940,0,,N,22_C_4_465_20240719145852_0_P.csv,2024-07-19,1
22,2024016005316,2024016005316,035,114,2024016005316,0,2,,-,2024010082110,0,,N,22_C_4_114_20240719145005_0_P.csv,2024-07-19,1
22,2024016002733,2024016002733,035,130,2024016002733,0,2,,-,2024016002467,0,,N,22_C_4_130_20240719145109_0_P.csv,2024-07-19,1
22,2024016124449,2024016124449,035,114,2024016124449,0,2,,-,2024016094514,0,,N,22_C_4_114_20240719145005_0_P.csv,2024-07-19,1
22,2017010702716,2017010702716,035,130,2017010702716,0,2,,-,2010010686529,0,,N,22_C_4_130_20240719145109_0_P.csv,2024-07-19,1
22,2012010549055,2012010549055,035,130,2012010549055,0,2,,-,2011010457939,0,,N,22_C_4_130_20240719145109_0_P.csv,2024-07-19,1
22,2012010580951,2012010580951,035,465,2012010580951,0,2,,-,2011010477431,0,,N,22_C_4_465_20240719145852_0_P.csv,2024-07-19,1
22,2019010351622,2019010351622,035,114,2019010351622,0,2,,-,2013010331395,0,,N,22_C_4_114_20240719145005_0_P.csv,2024-07-19,1
22,2015010450496,2015010450496,035,114,2015010450496,0,2,,-,2015010036248,0,,N,22_C_4_114_20240719145005_0_P.csv,2024-07-19,1
22,2019010034849,2019010034849,035,130,2019010034849,0,2,,-,2015010669873,0,,N,22_C_4_130_20240719145109_0_P.csv,2024-07-19,1
22,2022010247495,2022010247495,035,130,2022010247495,0,2,,-,2015010687111,0,,N,22_C_4_130_20240719145109_0_P.csv,2024-07-19,1
22,2021010013167,2021010013167,035,130,2021010013167,0,2,,-,2015010711472,0,,N,22_C_4_130_20240719145109_0_P.csv,2024-07-19,1
22,2017010468231,2017010468231,035,114,2017010468231,0,2,,-,2016010421997,0,,N,22_C_4_114_20240719145005_0_P.csv,2024-07-19,1
22,2018010661030,2018010661030,035,130,2018010661030,0,2,,-,2016010663169,0,,N,22_C_4_130_20240719145109_0_P.csv,2024-07-19,1
22,2018010209634,2018010209634,035,130,2018010209634,0,2,,-,2016010671241,0,,N,22_C_4_130_20240719145109_0_P.csv,2024-07-19,1
22,2018010414028,2018010414028,035,114,2018010414028,0,2,,-,2017010457469,0,,N,22_C_4_114_20240719145005_0_P.csv,2024-07-19,1
22,2022010325041,2022010325041,035,130,2022010325041,0,2,,-,2017010709158,0,,N,22_C_4_130_20240719145109_0_P.csv,2024-07-19,1
22,2024010129081,2024010129081,035,465,2024010129081,0,2,,-,2018010336413,0,,N,22_C_4_465_20240719145852_0_P.csv,2024-07-19,1
22,2023010333468,2023010333468,035,465,2023010333468,0,2,,-,2018010401097,0,,N,22_C_4_465_20240719145852_0_P.csv,2024-07-19,1
22,2019010418588,2019010418588,035,114,2019010418588,0,2,,2018,2018010414551,0,,N,22_C_4_114_20240719145005_0_P.csv,2024-07-19,1
22,2022010006056,2022010006056,035,465,2022010006056,0,2,,-,2018010421729,0,,N,22_C_4_465_20240719145852_0_P.csv,2024-07-19,1
22,2021010525794,2021010525794,035,130,2021010525794,0,2,,-,2018010647619,0,,N,22_C_4_130_20240719145109_0_P.csv,2024-07-19,1
22,2019010655147,2019010655147,035,130,2019010655147,0,2,,-,2018010659002,0,,N,22_C_4_130_20240719145109_0_P.csv,2024-07-19,1
22,2019010431164,2019010431164,035,130,2019010431164,0,2,,-,2019010226384,0,,N,22_C_4_130_20240719145109_0_P.csv,2024-07-19,1
22,2021010284370,2021010284370,035,130,2021010284370,0,2,,-,2019010329920,0,,N,22_C_4_130_20240719145109_0_P.csv,2024-07-19,1
22,2020010306237,2020010306237,035,130,2020010306237,0,2,,-,2019010349303,0,,N,22_C_4_130_20240719145109_0_P.csv,2024-07-19,1
22,2022010097268,2022010097268,035,114,2022010097268,0,2,,2019,2019010437733,0,,N,22_C_4_114_20240719145005_0_P.csv,2024-07-19,1
22,2023010311168,2023010311168,035,130,2023010311168,0,2,,-,2020010310374,0,,N,22_C_4_130_20240719145109_0_P.csv,2024-07-19,1
22,2023010355963,2023010355963,035,114,2023010355963,0,2,,-,2020010325518,0,,N,22_C_4_114_20240719145005_0_P.csv,2024-07-19,1
22,2024010017124,2024010017124,035,114,2024010017124,0,2,,-,2020010345817,0,,N,22_C_4_114_20240719145005_0_P.csv,2024-07-19,1
22,2022010318481,2022010318481,035,130,2022010318481,0,2,,-,2020010395119,0,,N,22_C_4_130_20240719145109_0_P.csv,2024-07-19,1
22,2021010558250,2021010558250,035,130,2021010558250,0,2,,-,2020010533972,0,,N,22_C_4_130_20240719145109_0_P.csv,2024-07-19,1
22,2023010034141,2023010034141,035,130,2023010034141,0,2,,-,2021010060063,0,,N,22_C_4_130_20240719145109_0_P.csv,2024-07-19,1
22,2022010277774,2022010277774,035,465,2022010277774,0,2,,-,2021010310584,0,,N,22_C_4_465_20240719145852_0_P.csv,2024-07-19,1
22,2022010296678,2022010296678,035,114,2022010296678,0,2,,-,2021010329329,0,,N,22_C_4_114_20240719145005_0_P.csv,2024-07-19,1
22,2022010334741,2022010334741,035,130,2022010334741,0,2,,-,2021010362673,0,,N,22_C_4_130_20240719145109_0_P.csv,2024-07-19,1
22,2022010332778,2022010332778,035,114,2022010332778,0,2,,-,2021010366539,0,,N,22_C_4_114_20240719145005_0_P.csv,2024-07-19,1
22,2022010312482,2022010312482,035,114,2022010312482,0,2,,-,2022010003504,0,,N,22_C_4_114_20240719145005_0_P.csv,2024-07-19,1
22,2023010226527,2023010226527,035,114,2023010226527,0,2,,-,2022010036118,0,,N,22_C_4_114_20240719145005_0_P.csv,2024-07-19,1
22,2023010185278,2023010185278,035,659,2023010185278,0,2,,-,2022010106022,0,,N,22_C_4_659_20240719150046_0_P.csv,2024-07-19,1
22,2022010285481,2022010285481,035,465,2022010285481,0,2,,-,2022010221391,0,,N,22_C_4_465_20240719145852_0_P.csv,2024-07-19,1
22,2022010440199,2022010440199,035,130,2022010440199,0,2,,-,2022010247336,0,,N,22_C_4_130_20240719145109_0_P.csv,2024-07-19,1
22,2023010324655,2023010324655,035,130,2023010324655,0,2,,-,2022010284718,0,,N,22_C_4_130_20240719145109_0_P.csv,2024-07-19,1
22,2023010345428,2023010345428,035,465,2023010345428,0,2,,-,2022010293098,0,,N,22_C_4_465_20240719145852_0_P.csv,2024-07-19,1
22,2023010357814,2023010357814,035,659,2023010357814,0,2,,-,2022010300733,0,,N,22_C_4_659_20240719150046_0_P.csv,2024-07-19,1
22,2023010342378,2023010342378,035,659,2023010342378,0,2,,-,2022010308117,0,,N,22_C_4_659_20240719150046_0_P.csv,2024-07-19,1
22,2023010373126,2023010373126,035,659,2023010373126,0,2,,-,2022010325074,0,,N,22_C_4_659_20240719150046_0_P.csv,2024-07-19,1
22,2023010374737,2023010374737,035,659,2023010374737,0,2,,-,2022010329251,0,,N,22_C_4_659_20240719150046_0_P.csv,2024-07-19,1
22,2023010338546,2023010338546,035,130,2023010338546,0,2,,-,2022010516860,0,,N,22_C_4_130_20240719145109_0_P.csv,2024-07-19,1
22,2024016036034,2024016036034,035,130,2024016036034,0,2,,-,2023010199737,0,,N,22_C_4_130_20240719145109_0_P.csv,2024-07-19,1
22,2024010169390,2024010169390,035,465,2024010169390,0,2,,-,2023010210594,0,,N,22_C_4_465_20240719145852_0_P.csv,2024-07-19,1
22,2023016003688,2023016003688,035,659,2023016003688,0,2,,-,2023010229121,0,,N,22_C_4_659_20240719150046_0_P.csv,2024-07-19,1
22,2024016097537,2024016097537,035,130,2024016097537,0,2,,-,2023010308800,0,,N,22_C_4_130_20240719145109_0_P.csv,2024-07-19,1
22,2023010391368,2023010391368,035,114,2023010391368,0,2,,-,2023010364708,0,,N,22_C_4_114_20240719145005_0_P.csv,2024-07-19,1
22,2023010458208,2023010458208,035,465,2023010458208,0,2,,-,2023010369038,0,,N,22_C_4_465_20240719145852_0_P.csv,2024-07-19,1
22,2023016003659,2023016003659,035,659,2023016003659,0,2,,-,2023010423423,0,,N,22_C_4_659_20240719150046_0_P.csv,2024-07-19,1
22,2013010445940,2013010445940,035,465,2013010445940,0,2,,-,2011010037316,0,,N,22_C_4_465_20240719145852_0_P.csv,2024-07-19,1
22,2019010400559,2019010400559,035,114,2019010400559,0,2,,-,2013010435641,0,,N,22_C_4_114_20240719145005_0_P.csv,2024-07-19,1
22,2023010322955,2023010322955,035,114,2023010322955,0,2,,-,2015010366766,0,,N,22_C_4_114_20240719145005_0_P.csv,2024-07-19,1
22,2016010682651,2016010682651,035,130,2016010682651,0,2,,-,2015010725918,0,,N,22_C_4_130_20240719145109_0_P.csv,2024-07-19,1
22,2016010403616,2016010403616,035,465,2016010403616,0,2,,-,2016010375582,0,,N,22_C_4_465_20240719145852_0_P.csv,2024-07-19,1
22,2017010351379,2017010351379,035,114,2017010351379,0,2,,-,2017010243979,0,,N,22_C_4_114_20240719145005_0_P.csv,2024-07-19,1
22,2020010540560,2020010540560,035,130,2020010540560,0,2,,-,2017010350634,0,,N,22_C_4_130_20240719145109_0_P.csv,2024-07-19,1
22,2022010504299,2022010504299,035,130,2022010504299,0,2,,-,2018010065426,0,,N,22_C_4_130_20240719145109_0_P.csv,2024-07-19,1
22,2019010294372,2019010294372,035,114,2019010294372,0,2,,-,2018010348800,0,,N,22_C_4_114_20240719145005_0_P.csv,2024-07-19,1
22,2019010378946,2019010378946,035,130,2019010378946,0,2,,-,2018010366084,0,,N,22_C_4_130_20240719145109_0_P.csv,2024-07-19,1
22,2019010393940,2019010393940,035,465,2019010393940,0,2,,-,2018010391747,0,,N,22_C_4_465_20240719145852_0_P.csv,2024-07-19,1
22,2023010300637,2023010300637,035,465,2023010300637,0,2,,-,2018010399233,0,,N,22_C_4_465_20240719145852_0_P.csv,2024-07-19,1
22,2021010012423,2021010012423,035,465,2021010012423,0,2,,-,2018010430486,0,,N,22_C_4_465_20240719145852_0_P.csv,2024-07-19,1
22,2020010379391,2020010379391,035,659,2020010379391,0,2,,-,2018010441316,0,,N,22_C_4_659_20240719150046_0_P.csv,2024-07-19,1
22,2019010604952,2019010604952,035,130,2019010604952,0,2,,-,2018010611991,0,,N,22_C_4_130_20240719145109_0_P.csv,2024-07-19,1
22,2019010656484,2019010656484,035,130,2019010656484,0,2,,-,2018010678378,0,,N,22_C_4_130_20240719145109_0_P.csv,2024-07-19,1
22,2022010129375,2022010129375,035,130,2022010129375,0,2,,-,2019010060446,0,,N,22_C_4_130_20240719145109_0_P.csv,2024-07-19,1
22,2019010267786,2019010267786,035,114,2019010267786,0,2,,-,2019010242675,0,,N,22_C_4_114_20240719145005_0_P.csv,2024-07-19,1
22,2020010418279,2020010418279,035,130,2020010418279,0,2,,-,2019010405701,0,,N,22_C_4_130_20240719145109_0_P.csv,2024-07-19,1
22,2020010349253,2020010349253,035,114,2020010349253,0,2,,-,2019010421966,0,,N,22_C_4_114_20240719145005_0_P.csv,2024-07-19,1
22,2023010345251,2023010345251,035,130,2023010345251,0,2,,-,2019010440811,0,,N,22_C_4_130_20240719145109_0_P.csv,2024-07-19,1
22,2020010576932,2020010576932,035,130,2020010576932,0,2,,-,2019010623745,0,,N,22_C_4_130_20240719145109_0_P.csv,2024-07-19,1
22,2020010607480,2020010607480,035,130,2020010607480,0,2,,-,2020010055432,0,,N,22_C_4_130_20240719145109_0_P.csv,2024-07-19,1
22,2022010267333,2022010267333,035,114,2022010267333,0,2,,-,2020010279287,0,,N,22_C_4_114_20240719145005_0_P.csv,2024-07-19,1
22,2023010328497,2023010328497,035,465,2023010328497,0,2,,-,2021010301528,0,,N,22_C_4_465_20240719145852_0_P.csv,2024-07-19,1
22,2022010294309,2022010294309,035,114,2022010294309,0,2,,-,2021010320562,0,,N,22_C_4_114_20240719145005_0_P.csv,2024-07-19,1
22,2022010298589,2022010298589,035,659,2022010298589,0,2,,-,2021010334734,0,,N,22_C_4_659_20240719150046_0_P.csv,2024-07-19,1
22,2022010320380,2022010320380,035,114,2022010320380,0,2,,-,2021010351025,0,,N,22_C_4_114_20240719145005_0_P.csv,2024-07-19,1
22,2022010377517,2022010377517,035,114,2022010377517,0,2,,-,2021010363453,0,,N,22_C_4_114_20240719145005_0_P.csv,2024-07-19,1
22,2022010035087,2022010035087,035,130,2022010035087,0,2,,-,2021010369542,0,,N,22_C_4_130_20240719145109_0_P.csv,2024-07-19,1
22,2024016008880,2024016008880,035,114,2024016008880,0,2,,-,2021010488593,0,,N,22_C_4_114_20240719145005_0_P.csv,2024-07-19,1
22,2022010503090,2022010503090,035,465,2022010503090,0,2,,-,2021010554313,0,,N,22_C_4_465_20240719145852_0_P.csv,2024-07-19,1
22,2024016132122,2024016132122,035,130,2024016132122,0,2,,-,2022010262436,0,,N,22_C_4_130_20240719145109_0_P.csv,2024-07-19,1
22,2023010353818,2023010353818,035,659,2023010353818,0,2,,-,2022010318945,0,,N,22_C_4_659_20240719150046_0_P.csv,2024-07-19,1
22,2023010348438,2023010348438,035,130,2023010348438,0,2,,-,2022010340585,0,,N,22_C_4_130_20240719145109_0_P.csv,2024-07-19,1
22,2023010588995,2023010588995,035,465,2023010588995,0,2,,-,2022010354154,0,,N,22_C_4_465_20240719145852_0_P.csv,2024-07-19,1
22,2024016083898,2024016083898,035,114,2024016083898,0,2,,-,2023010283296,0,,N,22_C_4_114_20240719145005_0_P.csv,2024-07-19,1
22,2023010531679,2023010531679,035,465,2023010531679,0,2,,-,2023010328449,0,,N,22_C_4_465_20240719145852_0_P.csv,2024-07-19,1
22,2012010564210,2012010564210,035,465,2012010564210,0,2,,-,2004010342110,0,,N,22_C_4_465_20240719145852_0_P.csv,2024-07-19,1
22,2013010418080,2013010418080,035,114,2013010418080,0,2,,-,2009010294653,0,,N,22_C_4_114_20240719145005_0_P.csv,2024-07-19,1
22,2015010366713,2015010366713,035,114,2015010366713,0,2,,-,2011010408326,0,,N,22_C_4_114_20240719145005_0_P.csv,2024-07-19,1
22,2016010367983,2016010367983,035,130,2016010367983,0,2,,-,2012010521852,0,,N,22_C_4_130_20240719145109_0_P.csv,2024-07-19,1
22,2015010388730,2015010388730,035,114,2015010388730,0,2,,-,2013010417973,0,,N,22_C_4_114_20240719145005_0_P.csv,2024-07-19,1
22,2021010314040,2021010314040,035,114,2021010314040,0,2,,-,2014010463881,0,,N,22_C_4_114_20240719145005_0_P.csv,2024-07-19,1
22,2016010443600,2016010443600,035,465,2016010443600,0,2,,-,2015010416794,0,,N,22_C_4_465_20240719145852_0_P.csv,2024-07-19,1
22,2017010714158,2017010714158,035,130,2017010714158,0,2,,-,2015010708442,0,,N,22_C_4_130_20240719145109_0_P.csv,2024-07-19,1
22,2017010615375,2017010615375,035,130,2017010615375,0,2,,-,2016010567425,0,,N,22_C_4_130_20240719145109_0_P.csv,2024-07-19,1
22,2019010400064,2019010400064,035,114,2019010400064,0,2,,-,2017010431926,0,,N,22_C_4_114_20240719145005_0_P.csv,2024-07-19,1
22,2020010493247,2020010493247,035,130,2020010493247,0,2,,-,2017010536083,0,,N,22_C_4_130_20240719145109_0_P.csv,2024-07-19,1
22,2023010368009,2023010368009,035,465,2023010368009,0,2,,-,2018010406985,0,,N,22_C_4_465_20240719145852_0_P.csv,2024-07-19,1
22,2019010672839,2019010672839,035,130,2019010672839,0,2,,-,2018010535914,0,,N,22_C_4_130_20240719145109_0_P.csv,2024-07-19,1
22,2019010293502,2019010293502,035,130,2019010293502,0,2,,-,2018010650909,0,,N,22_C_4_130_20240719145109_0_P.csv,2024-07-19,1
22,2023010195593,2023010195593,035,465,2023010195593,0,2,,-,2018010715826,0,,N,22_C_4_465_20240719145852_0_P.csv,2024-07-19,1
22,2021010331718,2021010331718,035,114,2021010331718,0,2,,-,2019010335674,0,,N,22_C_4_114_20240719145005_0_P.csv,2024-07-19,1
22,2022010312131,2022010312131,035,130,2022010312131,0,2,,-,2019010424164,0,,N,22_C_4_130_20240719145109_0_P.csv,2024-07-19,1
22,2023010013234,2023010013234,035,659,2023010013234,0,2,,2020,2020010027012,0,,N,22_C_4_659_20240719150046_0_P.csv,2024-07-19,1
22,2021010057106,2021010057106,035,114,2021010057106,0,2,,-,2020010128092,0,,N,22_C_4_114_20240719145005_0_P.csv,2024-07-19,1
22,2021010026078,2021010026078,035,114,2021010026078,0,2,,-,2020010147912,0,,N,22_C_4_114_20240719145005_0_P.csv,2024-07-19,1
22,2021010312033,2021010312033,035,130,2021010312033,0,2,,-,2020010294710,0,,N,22_C_4_130_20240719145109_0_P.csv,2024-07-19,1
22,2020010597079,2020010597079,035,130,2020010597079,0,2,,-,2020010462294,0,,N,22_C_4_130_20240719145109_0_P.csv,2024-07-19,1
22,2021010550138,2021010550138,035,130,2021010550138,0,2,,-,2020010589541,0,,N,22_C_4_130_20240719145109_0_P.csv,2024-07-19,1
22,2021010351582,2021010351582,035,114,2021010351582,0,2,,-,2021010123553,0,,N,22_C_4_114_20240719145005_0_P.csv,2024-07-19,1
22,2022010263866,2022010263866,035,130,2022010263866,0,2,,-,2021010258018,0,,N,22_C_4_130_20240719145109_0_P.csv,2024-07-19,1
22,2023010330174,2023010330174,035,114,2023010330174,0,2,,-,2021010326902,0,,N,22_C_4_114_20240719145005_0_P.csv,2024-07-19,1
22,2023010348085,2023010348085,035,465,2023010348085,0,2,,-,2021010332866,0,,N,22_C_4_465_20240719145852_0_P.csv,2024-07-19,1
22,2022010315195,2022010315195,035,659,2022010315195,0,2,,-,2021010348507,0,,N,22_C_4_659_20240719150046_0_P.csv,2024-07-19,1
22,2024010050973,2024010050973,035,130,2024010050973,0,2,,-,2022010020709,0,,N,22_C_4_130_20240719145109_0_P.csv,2024-07-19,1
22,2024016049565,2024016049565,035,659,2024016049565,0,2,,-,2022010179543,0,,N,22_C_4_659_20240719150046_0_P.csv,2024-07-19,1
22,2023010320614,2023010320614,035,659,2023010320614,0,2,,-,2022010286773,0,,N,22_C_4_659_20240719150046_0_P.csv,2024-07-19,1
22,2023010366171,2023010366171,035,659,2023010366171,0,2,,-,2022010296888,0,,N,22_C_4_659_20240719150046_0_P.csv,2024-07-19,1
22,2023010360827,2023010360827,035,465,2023010360827,0,2,,-,2022010314862,0,,N,22_C_4_465_20240719145852_0_P.csv,2024-07-19,1
22,2023010331465,2023010331465,035,465,2023010331465,0,2,,-,2022010317697,0,,N,22_C_4_465_20240719145852_0_P.csv,2024-07-19,1
22,2023010410481,2023010410481,035,659,2023010410481,0,2,,-,2022010319124,0,,N,22_C_4_659_20240719150046_0_P.csv,2024-07-19,1
22,2023010419355,2023010419355,035,659,2023010419355,0,2,,-,2022010327978,0,,N,22_C_4_659_20240719150046_0_P.csv,2024-07-19,1
22,2022010384223,2022010384223,035,114,2022010384223,0,2,,2022,2022010330884,0,,N,22_C_4_114_20240719145005_0_P.csv,2024-07-19,1
22,2023010491715,2023010491715,035,130,2023010491715,0,2,,-,2022010436194,0,,N,22_C_4_130_20240719145109_0_P.csv,2024-07-19,1
22,2023010497406,2023010497406,035,130,2023010497406,0,2,,-,2023010115935,0,,N,22_C_4_130_20240719145109_0_P.csv,2024-07-19,1
22,2023010488174,2023010488174,035,130,2023010488174,0,2,,-,2023010181327,0,,N,22_C_4_130_20240719145109_0_P.csv,2024-07-19,1
22,2024016009506,2024016009506,035,130,2024016009506,0,2,,-,2023010198358,0,,N,22_C_4_130_20240719145109_0_P.csv,2024-07-19,1
22,2024016056456,2024016056456,035,114,2024016056456,0,2,,-,2023010212696,0,,N,22_C_4_114_20240719145005_0_P.csv,2024-07-19,1
22,2023010504952,2023010504952,035,130,2023010504952,0,2,,-,2023010280390,0,,N,22_C_4_130_20240719145109_0_P.csv,2024-07-19,1
22,2023010538225,2023010538225,035,130,2023010538225,0,2,,-,2023010345354,0,,N,22_C_4_130_20240719145109_0_P.csv,2024-07-19,1
22,2017010391096,2017010391096,035,130,2017010391096,0,2,,-,2016010423890,0,,N,22_C_4_130_20240721004835_0_P.csv,2024-07-21,1
22,2022010300156,2022010300156,035,465,2022010300156,0,2,,-,2021010323857,0,,N,22_C_4_465_20240721004345_0_P.csv,2024-07-21,1
22,2013010501383,2013010501383,035,114,2013010501383,0,2,,-,2007010397025,0,,N,22_C_4_114_20240720004527_0_P.csv,2024-07-20,1
22,2013010501908,2013010501908,035,114,2013010501908,0,2,,-,2009010374423,0,,N,22_C_4_114_20240720004527_0_P.csv,2024-07-20,1
22,2016010616471,2016010616471,035,465,2016010616471,0,2,,2014,2014010538605,0,,N,22_C_4_465_20240720004540_0_P.csv,2024-07-20,1
22,2021010313986,2021010313986,035,114,2021010313986,0,2,,-,2019010523249,0,,N,22_C_4_114_20240720004527_0_P.csv,2024-07-20,1
22,2023010369693,2023010369693,035,659,2023010369693,0,2,,-,2022010321676,0,,N,22_C_4_659_20240720005453_0_P.csv,2024-07-20,1
22,2013010496612,2013010496612,035,114,2013010496612,0,2,,-,2005010395821,0,,N,22_C_4_114_20240722004242_0_P.csv,2024-07-22,1
22,2013010471211,2013010471211,035,114,2013010471211,0,2,,-,2006010390165,0,,N,22_C_4_114_20240722004242_0_P.csv,2024-07-22,1
22,2013010501652,2013010501652,035,114,2013010501652,0,2,,-,2012010563900,0,,N,22_C_4_114_20240722004242_0_P.csv,2024-07-22,1
22,2019010482317,2019010482317,035,114,2019010482317,0,2,,2016,2016010488852,0,,N,22_C_4_114_20240722004242_0_P.csv,2024-07-22,1
22,2022010330150,2022010330150,035,659,2022010330150,0,2,,-,2020010384743,0,,N,22_C_4_659_20240722004740_0_P.csv,2024-07-22,1
22,2023010319065,2023010319065,035,130,2023010319065,0,2,,-,2021010303428,0,,N,22_C_4_130_20240722004615_0_P.csv,2024-07-22,1
22,2022010428813,2022010428813,035,659,2022010428813,0,2,,-,2021010370428,0,,N,22_C_4_659_20240722004740_0_P.csv,2024-07-22,1
22,2021010511321,2021010511321,035,114,2021010511321,0,2,,-,2014010848677,0,,N,22_C_4_114_20240712141501_0_P.csv,2024-07-12,1
22,2019010414351,2019010414351,035,114,2019010414351,0,2,,-,2015010374714,0,,N,22_C_4_114_20240712141501_0_P.csv,2024-07-12,1
22,2017010421839,2017010421839,035,465,2017010421839,0,2,,-,2016010352076,0,,N,22_C_4_465_20240712142215_0_P.csv,2024-07-12,1
22,2022010332613,2022010332613,035,114,2022010332613,0,2,,-,2017010495539,0,,N,22_C_4_114_20240712141501_0_P.csv,2024-07-12,1
22,2022010498115,2022010498115,035,465,2022010498115,0,2,,-,2017010723421,0,,N,22_C_4_465_20240712142215_0_P.csv,2024-07-12,1
22,2018010684157,2018010684157,035,465,2018010684157,0,2,,-,2017010745470,0,,N,22_C_4_465_20240712142215_0_P.csv,2024-07-12,1
22,2022010350039,2022010350039,035,659,2022010350039,0,2,,-,2018010317674,0,,N,22_C_4_659_20240712142534_0_P.csv,2024-07-12,1
22,2019010659721,2019010659721,035,114,2019010659721,0,2,,-,2018010658809,0,,N,22_C_4_114_20240712141501_0_P.csv,2024-07-12,1
22,2022010496739,2022010496739,035,114,2022010496739,0,2,,-,2019010447192,0,,N,22_C_4_114_20240712141501_0_P.csv,2024-07-12,1
22,2022010431626,2022010431626,035,114,2022010431626,0,2,,-,2019010556296,0,,N,22_C_4_114_20240712141501_0_P.csv,2024-07-12,1
22,2023010261010,2023010261010,035,130,2023010261010,0,2,,-,2020010269958,0,,N,22_C_4_130_20240712141600_0_P.csv,2024-07-12,1
22,2023010302337,2023010302337,035,465,2023010302337,0,2,,-,2020010277912,0,,N,22_C_4_465_20240712142215_0_P.csv,2024-07-12,1
22,2021010403724,2021010403724,035,130,2021010403724,0,2,,-,2020010361521,0,,N,22_C_4_130_20240712141600_0_P.csv,2024-07-12,1
22,2021010559415,2021010559415,035,114,2021010559415,0,2,,-,2020010572338,0,,N,22_C_4_114_20240712141501_0_P.csv,2024-07-12,1
22,2021010430967,2021010430967,035,465,2021010430967,0,2,,-,2021010043310,0,,N,22_C_4_465_20240712142215_0_P.csv,2024-07-12,1
22,2021010227928,2021010227928,035,465,2021010227928,0,2,,-,2021010067934,0,,N,22_C_4_465_20240712142215_0_P.csv,2024-07-12,1
22,2023010501754,2023010501754,035,130,2023010501754,0,2,,-,2021010143026,0,,N,22_C_4_130_20240712141600_0_P.csv,2024-07-12,1
22,2021010560064,2021010560064,035,465,2021010560064,0,2,,-,2021010187940,0,,N,22_C_4_465_20240712142215_0_P.csv,2024-07-12,1
22,2022010190998,2022010190998,035,114,2022010190998,0,2,,-,2021010259742,0,,N,22_C_4_114_20240712141501_0_P.csv,2024-07-12,1
22,2022010190901,2022010190901,035,114,2022010190901,0,2,,-,2021010259753,0,,N,22_C_4_114_20240712141501_0_P.csv,2024-07-12,1
22,2022010283898,2022010283898,035,130,2022010283898,0,2,,-,2021010295433,0,,N,22_C_4_130_20240712141600_0_P.csv,2024-07-12,1
22,2022010134138,2022010134138,035,465,2022010134138,0,2,,-,2021010304827,0,,N,22_C_4_465_20240712142215_0_P.csv,2024-07-12,1
22,2022010334784,2022010334784,035,465,2022010334784,0,2,,-,2021010365463,0,,N,22_C_4_465_20240712142215_0_P.csv,2024-07-12,1
22,2023010007850,2023010007850,035,659,2023010007850,0,2,,-,2022010007442,0,,N,22_C_4_659_20240712142534_0_P.csv,2024-07-12,1
22,2022010161567,2022010161567,035,465,2022010161567,0,2,,-,2022010036900,0,,N,22_C_4_465_20240712142215_0_P.csv,2024-07-12,1
22,2022010191207,2022010191207,035,114,2022010191207,0,2,,-,2022010086450,0,,N,22_C_4_114_20240712141501_0_P.csv,2024-07-12,1
22,2022010333862,2022010333862,035,465,2022010333862,0,2,,-,2022010270806,0,,N,22_C_4_465_20240712142215_0_P.csv,2024-07-12,1
22,2024016022870,2024016022870,035,130,2024016022870,0,2,,-,2023010245284,0,,N,22_C_4_130_20240712141600_0_P.csv,2024-07-12,1
22,2024016020946,2024016020946,035,114,2024016020946,0,2,,-,2023010292334,0,,N,22_C_4_114_20240712141501_0_P.csv,2024-07-12,1
22,2024016005731,2024016005731,035,114,2024016005731,0,2,,-,2023010382867,0,,N,22_C_4_114_20240712141501_0_P.csv,2024-07-12,1
22,2013010429384,2013010429384,035,114,2013010429384,0,2,,-,2010010118622,0,,N,22_C_4_114_20240712141501_0_P.csv,2024-07-12,1
22,2013010440241,2013010440241,035,130,2013010440241,0,2,,-,2011010432982,0,,N,22_C_4_130_20240712141600_0_P.csv,2024-07-12,1
22,2022010420547,2022010420547,035,114,2022010420547,0,2,,-,2012010761862,0,,N,22_C_4_114_20240712141501_0_P.csv,2024-07-12,1
22,2018010303778,2018010303778,035,465,2018010303778,0,2,,-,2014010377954,0,,N,22_C_4_465_20240712142215_0_P.csv,2024-07-12,1
22,2015010016629,2015010016629,035,114,2015010016629,0,2,,-,2014010811815,0,,N,22_C_4_114_20240712141501_0_P.csv,2024-07-12,1
22,2020010055552,2020010055552,035,114,2020010055552,0,2,,-,2015010045382,0,,N,22_C_4_114_20240712141501_0_P.csv,2024-07-12,1
22,2019010244326,2019010244326,035,465,2019010244326,0,2,,-,2015010359674,0,,N,22_C_4_465_20240712142215_0_P.csv,2024-07-12,1
22,2022010260771,2022010260771,035,114,2022010260771,0,2,,-,2016010343259,0,,N,22_C_4_114_20240712141501_0_P.csv,2024-07-12,1
22,2021010487360,2021010487360,035,114,2021010487360,0,2,,-,2016010587404,0,,N,22_C_4_114_20240712141501_0_P.csv,2024-07-12,1
22,2019010389981,2019010389981,035,114,2019010389981,0,2,,-,2017010383566,0,,N,22_C_4_114_20240712141501_0_P.csv,2024-07-12,1
22,2022010298613,2022010298613,035,114,2022010298613,0,2,,-,2017010427195,0,,N,22_C_4_114_20240712141501_0_P.csv,2024-07-12,1
22,2022010497892,2022010497892,035,114,2022010497892,0,2,,-,2017010676738,0,,N,22_C_4_114_20240712141501_0_P.csv,2024-07-12,1
22,2018010681334,2018010681334,035,465,2018010681334,0,2,,-,2017010729819,0,,N,22_C_4_465_20240712142215_0_P.csv,2024-07-12,1
22,2019010378893,2019010378893,035,130,2019010378893,0,2,,-,2018010366043,0,,N,22_C_4_130_20240712141600_0_P.csv,2024-07-12,1
22,2020010319194,2020010319194,035,465,2020010319194,0,2,,-,2018010375320,0,,N,22_C_4_465_20240712142215_0_P.csv,2024-07-12,1
22,2019010361073,2019010361073,035,130,2019010361073,0,2,,-,2018010389690,0,,N,22_C_4_130_20240712141600_0_P.csv,2024-07-12,1
22,2018010663036,2018010663036,035,465,2018010663036,0,2,,-,2018010463320,0,,N,22_C_4_465_20240712142215_0_P.csv,2024-07-12,1
22,2022010395003,2022010395003,035,114,2022010395003,0,2,,-,2019010336259,0,,N,22_C_4_114_20240712141501_0_P.csv,2024-07-12,1
22,2021010558986,2021010558986,035,465,2021010558986,0,2,,-,2019010652144,0,,N,22_C_4_465_20240712142215_0_P.csv,2024-07-12,1
22,2021010567937,2021010567937,035,114,2021010567937,0,2,,-,2019010656044,0,,N,22_C_4_114_20240712141501_0_P.csv,2024-07-12,1
22,2020010584591,2020010584591,035,114,2020010584591,0,2,,-,2019010658353,0,,N,22_C_4_114_20240712141501_0_P.csv,2024-07-12,1
22,2020010591015,2020010591015,035,114,2020010591015,0,2,,-,2020010131333,0,,N,22_C_4_114_20240712141501_0_P.csv,2024-07-12,1
22,2020010527877,2020010527877,035,114,2020010527877,0,2,,-,2020010517884,0,,N,22_C_4_114_20240712141501_0_P.csv,2024-07-12,1
22,2022010489847,2022010489847,035,465,2022010489847,0,2,,-,2020010563729,0,,N,22_C_4_465_20240712142215_0_P.csv,2024-07-12,1
22,2023010165166,2023010165166,035,465,2023010165166,0,2,,-,2021010069605,0,,N,22_C_4_465_20240712142215_0_P.csv,2024-07-12,1
22,2022010501136,2022010501136,035,465,2022010501136,0,2,,-,2021010562661,0,,N,22_C_4_465_20240712142215_0_P.csv,2024-07-12,1
22,2022010258152,2022010258152,035,130,2022010258152,0,2,,-,2022010083077,0,,N,22_C_4_130_20240712141600_0_P.csv,2024-07-12,1
22,2023010254288,2023010254288,035,130,2023010254288,0,2,,-,2022010176791,0,,N,22_C_4_130_20240712141600_0_P.csv,2024-07-12,1
22,2023010321103,2023010321103,035,114,2023010321103,0,2,,-,2022010315862,0,,N,22_C_4_114_20240712141501_0_P.csv,2024-07-12,1
22,2023010373439,2023010373439,035,465,2023010373439,0,2,,-,2022010338023,0,,N,22_C_4_465_20240712142215_0_P.csv,2024-07-12,1
22,2023010593638,2023010593638,035,130,2023010593638,0,2,,-,2022010517957,0,,N,22_C_4_130_20240712141600_0_P.csv,2024-07-12,1
22,2024010169106,2024010169106,035,465,2024010169106,0,2,,-,2023010499316,0,,N,22_C_4_465_20240712142215_0_P.csv,2024-07-12,1
22,2013010359911,2013010359911,035,114,2013010359911,0,2,,-,2007010372491,0,,N,22_C_4_114_20240712141501_0_P.csv,2024-07-12,1
22,2013010378080,2013010378080,035,465,2013010378080,0,2,,-,2012010465869,0,,N,22_C_4_465_20240712142215_0_P.csv,2024-07-12,1
22,2019010467073,2019010467073,035,114,2019010467073,0,2,,-,2014010595175,0,,N,22_C_4_114_20240712141501_0_P.csv,2024-07-12,1
22,2020010018901,2020010018901,035,465,2020010018901,0,2,,-,2015010002256,0,,N,22_C_4_465_20240712142215_0_P.csv,2024-07-12,1
22,2020010510158,2020010510158,035,114,2020010510158,0,2,,-,2015010609551,0,,N,22_C_4_114_20240712141501_0_P.csv,2024-07-12,1
22,2020010505190,2020010505190,035,114,2020010505190,0,2,,-,2015010622430,0,,N,22_C_4_114_20240712141501_0_P.csv,2024-07-12,1
22,2017010595225,2017010595225,035,659,2017010595225,0,2,,2016,2016010025522,0,,N,22_C_4_659_20240712142534_0_P.csv,2024-07-12,1
22,2021010464478,2021010464478,035,114,2021010464478,0,2,,-,2016010553536,0,,N,22_C_4_114_20240712141501_0_P.csv,2024-07-12,1
22,2022010378004,2022010378004,035,659,2022010378004,0,2,,-,2016010715970,0,,N,22_C_4_659_20240712142534_0_P.csv,2024-07-12,1
22,2021010279944,2021010279944,035,465,2021010279944,0,2,,-,2017010376848,0,,N,22_C_4_465_20240712142215_0_P.csv,2024-07-12,1
22,2022010121243,2022010121243,035,465,2022010121243,0,2,,-,2017010439141,0,,N,22_C_4_465_20240712142215_0_P.csv,2024-07-12,1
22,2019010441537,2019010441537,035,114,2019010441537,0,2,,-,2017010526215,0,,N,22_C_4_114_20240712141501_0_P.csv,2024-07-12,1
22,2018010673279,2018010673279,035,114,2018010673279,0,2,,-,2017010714208,0,,N,22_C_4_114_20240712141501_0_P.csv,2024-07-12,1
22,2022010541359,2022010541359,035,114,2022010541359,0,2,,-,2017010769339,0,,N,22_C_4_114_20240712141501_0_P.csv,2024-07-12,1
22,2019010403305,2019010403305,035,465,2019010403305,0,2,,-,2018010028212,0,,N,22_C_4_465_20240712142215_0_P.csv,2024-07-12,1
22,2022010498438,2022010498438,035,465,2022010498438,0,2,,-,2018010257226,0,,N,22_C_4_465_20240712142215_0_P.csv,2024-07-12,1
22,2018010707016,2018010707016,035,465,2018010707016,0,2,,-,2018010330451,0,,N,22_C_4_465_20240712142215_0_P.csv,2024-07-12,1
22,2021010082183,2021010082183,035,114,2021010082183,0,2,,-,2018010571330,0,,N,22_C_4_114_20240712141501_0_P.csv,2024-07-12,1
22,2022010282372,2022010282372,035,465,2022010282372,0,2,,-,2019010344733,0,,N,22_C_4_465_20240712142215_0_P.csv,2024-07-12,1
22,2021010020188,2021010020188,035,114,2021010020188,0,2,,-,2019010425215,0,,N,22_C_4_114_20240712141501_0_P.csv,2024-07-12,1
22,2022010467743,2022010467743,035,114,2022010467743,0,2,,2019,2019010666566,0,,N,22_C_4_114_20240712141501_0_P.csv,2024-07-12,1
22,2022010511731,2022010511731,035,114,2022010511731,0,2,,-,2019010684729,0,,N,22_C_4_114_20240712141501_0_P.csv,2024-07-12,1
22,2020010508567,2020010508567,035,465,2020010508567,0,2,,-,2020010101002,0,,N,22_C_4_465_20240712142215_0_P.csv,2024-07-12,1
22,2021010284621,2021010284621,035,465,2021010284621,0,2,,-,2020010509291,0,,N,22_C_4_465_20240712142215_0_P.csv,2024-07-12,1
22,2022010497989,2022010497989,035,465,2022010497989,0,2,,-,2021010559058,0,,N,22_C_4_465_20240712142215_0_P.csv,2024-07-12,1
22,2022010495876,2022010495876,035,114,2022010495876,0,2,,-,2022010459286,0,,N,22_C_4_114_20240712141501_0_P.csv,2024-07-12,1
22,2023010302861,2023010302861,035,114,2023010302861,0,2,,-,2022010491703,0,,N,22_C_4_114_20240712141501_0_P.csv,2024-07-12,1
22,2024010167233,2024010167233,035,465,2024010167233,0,2,,-,2023010296607,0,,N,22_C_4_465_20240712142215_0_P.csv,2024-07-12,1
22,2024016129164,2024016129164,035,465,2024016129164,0,2,,-,2023010297892,0,,N,22_C_4_465_20240712142215_0_P.csv,2024-07-12,1
22,2011010379085,2011010379085,035,114,2011010379085,0,2,,-,2004010275776,0,,N,22_C_4_114_20240712141501_0_P.csv,2024-07-12,1
22,2016010679066,2016010679066,035,114,2016010679066,0,2,,-,2009010512157,0,,N,22_C_4_114_20240712141501_0_P.csv,2024-07-12,1
22,2017010704911,2017010704911,035,465,2017010704911,0,2,,-,2010010695808,0,,N,22_C_4_465_20240712142215_0_P.csv,2024-07-12,1
22,2015010429100,2015010429100,035,465,2015010429100,0,2,,-,2011010134574,0,,N,22_C_4_465_20240712142215_0_P.csv,2024-07-12,1
22,2014010426651,2014010426651,035,114,2014010426651,0,2,,-,2011010308389,0,,N,22_C_4_114_20240712141501_0_P.csv,2024-07-12,1
22,2016010321789,2016010321789,035,114,2016010321789,0,2,,-,2014010424827,0,,N,22_C_4_114_20240712141501_0_P.csv,2024-07-12,1
22,2022010461344,2022010461344,035,114,2022010461344,0,2,,-,2015010709281,0,,N,22_C_4_114_20240712141501_0_P.csv,2024-07-12,1
22,2021010351245,2021010351245,035,114,2021010351245,0,2,,-,2016010426144,0,,N,22_C_4_114_20240712141501_0_P.csv,2024-07-12,1
22,2016010650943,2016010650943,035,465,2016010650943,0,2,,-,2016010561165,0,,N,22_C_4_465_20240712142215_0_P.csv,2024-07-12,1
22,2019010289444,2019010289444,035,114,2019010289444,0,2,,-,2016010683861,0,,N,22_C_4_114_20240712141501_0_P.csv,2024-07-12,1
22,2021010147987,2021010147987,035,465,2021010147987,0,2,,-,2017010157061,0,,N,22_C_4_465_20240712142215_0_P.csv,2024-07-12,1
22,2018010012500,2018010012500,035,465,2018010012500,0,2,,-,2017010696742,0,,N,22_C_4_465_20240712142215_0_P.csv,2024-07-12,1
22,2018010670847,2018010670847,035,114,2018010670847,0,2,,-,2017010700954,0,,N,22_C_4_114_20240712141501_0_P.csv,2024-07-12,1
22,2020010015130,2020010015130,035,465,2020010015130,0,2,,-,2017010718721,0,,N,22_C_4_465_20240712142215_0_P.csv,2024-07-12,1
22,2019010707713,2019010707713,035,465,2019010707713,0,2,,-,2018010002336,0,,N,22_C_4_465_20240712142215_0_P.csv,2024-07-12,1
22,2019010112584,2019010112584,035,465,2019010112584,0,2,,-,2018010123403,0,,N,22_C_4_465_20240712142215_0_P.csv,2024-07-12,1
22,2019010344294,2019010344294,035,465,2019010344294,0,2,,-,2018010361956,0,,N,22_C_4_465_20240712142215_0_P.csv,2024-07-12,1
22,2021010299295,2021010299295,035,114,2021010299295,0,2,,-,2018010373531,0,,N,22_C_4_114_20240712141501_0_P.csv,2024-07-12,1
22,2019010346106,2019010346106,035,114,2019010346106,0,2,,-,2018010374604,0,,N,22_C_4_114_20240712141501_0_P.csv,2024-07-12,1
22,2021010081526,2021010081526,035,465,2021010081526,0,2,,-,2018010431459,0,,N,22_C_4_465_20240712142215_0_P.csv,2024-07-12,1
22,2022010503673,2022010503673,035,114,2022010503673,0,2,,-,2018010656160,0,,N,22_C_4_114_20240712141501_0_P.csv,2024-07-12,1
22,2021010133741,2021010133741,035,465,2021010133741,0,2,,-,2018010657434,0,,N,22_C_4_465_20240712142215_0_P.csv,2024-07-12,1
22,2019010435757,2019010435757,035,114,2019010435757,0,2,,-,2018010665971,0,,N,22_C_4_114_20240712141501_0_P.csv,2024-07-12,1
22,2019010665413,2019010665413,035,465,2019010665413,0,2,,-,2018010672535,0,,N,22_C_4_465_20240712142215_0_P.csv,2024-07-12,1
22,2019010664042,2019010664042,035,465,2019010664042,0,2,,-,2019010101657,0,,N,22_C_4_465_20240712142215_0_P.csv,2024-07-12,1
22,2023010346681,2023010346681,035,465,2023010346681,0,2,,-,2019010177158,0,,N,22_C_4_465_20240712142215_0_P.csv,2024-07-12,1
22,2019010649725,2019010649725,035,465,2019010649725,0,2,,-,2019010217729,0,,N,22_C_4_465_20240712142215_0_P.csv,2024-07-12,1
22,2022010264673,2022010264673,035,114,2022010264673,0,2,,-,2019010348132,0,,N,22_C_4_114_20240712141501_0_P.csv,2024-07-12,1
22,2022010146641,2022010146641,035,114,2022010146641,0,2,,-,2020010120515,0,,N,22_C_4_114_20240712141501_0_P.csv,2024-07-12,1
22,2021010123370,2021010123370,035,465,2021010123370,0,2,,-,2020010138699,0,,N,22_C_4_465_20240712142215_0_P.csv,2024-07-12,1
22,2022010236233,2022010236233,035,114,2022010236233,0,2,,-,2020010218635,0,,N,22_C_4_114_20240712141501_0_P.csv,2024-07-12,1
22,2022010333521,2022010333521,035,114,2022010333521,0,2,,-,2020010297017,0,,N,22_C_4_114_20240712141501_0_P.csv,2024-07-12,1
22,2020010593145,2020010593145,035,114,2020010593145,0,2,,-,2020010473583,0,,N,22_C_4_114_20240712141501_0_P.csv,2024-07-12,1
22,2022010039757,2022010039757,035,465,2022010039757,0,2,,-,2021010017863,0,,N,22_C_4_465_20240712142215_0_P.csv,2024-07-12,1
22,2023010284061,2023010284061,035,130,2023010284061,0,2,,-,2021010298714,0,,N,22_C_4_130_20240712141600_0_P.csv,2024-07-12,1
22,2023010345493,2023010345493,035,114,2023010345493,0,2,,-,2021010358091,0,,N,22_C_4_114_20240712141501_0_P.csv,2024-07-12,1
22,2023010084657,2023010084657,035,659,2023010084657,0,2,,2021,2021010361178,0,,N,22_C_4_659_20240712142534_0_P.csv,2024-07-12,1
22,2022010147652,2022010147652,035,465,2022010147652,0,2,,-,2021010518570,0,,N,22_C_4_465_20240712142215_0_P.csv,2024-07-12,1
22,2022010502283,2022010502283,035,465,2022010502283,0,2,,-,2021010536916,0,,N,22_C_4_465_20240712142215_0_P.csv,2024-07-12,1
22,2022010315597,2022010315597,035,465,2022010315597,0,2,,-,20210355107,0,,N,22_C_4_465_20240712142215_0_P.csv,2024-07-12,1
22,2023010316931,2023010316931,035,130,2023010316931,0,2,,-,2022010274954,0,,N,22_C_4_130_20240712141600_0_P.csv,2024-07-12,1
22,2023010297074,2023010297074,035,130,2023010297074,0,2,,-,2022010276796,0,,N,22_C_4_130_20240712141600_0_P.csv,2024-07-12,1
22,2023010327462,2023010327462,035,465,2023010327462,0,2,,-,2022010293738,0,,N,22_C_4_465_20240712142215_0_P.csv,2024-07-12,1
22,2022010503897,2022010503897,035,114,2022010503897,0,2,,-,2022010453621,0,,N,22_C_4_114_20240712141501_0_P.csv,2024-07-12,1
22,2023010003236,2023010003236,035,114,2023010003236,0,2,,2022,2022010461336,0,,N,22_C_4_114_20240712141501_0_P.csv,2024-07-12,1
22,2023010171868,2023010171868,035,114,2023010171868,0,2,,-,2023010157194,0,,N,22_C_4_114_20240712141501_0_P.csv,2024-07-12,1
22,2024010166805,2024010166805,035,465,2024010166805,0,2,,-,2023010259395,0,,N,22_C_4_465_20240712142215_0_P.csv,2024-07-12,1
22,2023010410587,2023010410587,035,130,2023010410587,0,2,,-,2023010404415,0,,N,22_C_4_130_20240715085426_0_P.csv,2024-07-13,1
22,2013010691350,2013010691350,035,114,2013010691350,0,2,,-,2010010432574,0,,N,22_C_4_114_20240628141207_0_P.csv,2024-06-28,1
22,2017010301803,2017010301803,035,114,2017010301803,0,2,,-,2016010289733,0,,N,22_C_4_114_20240628141207_0_P.csv,2024-06-28,1
22,2019010229689,2019010229689,035,114,2019010229689,0,2,,-,2017010270455,0,,N,22_C_4_114_20240628141207_0_P.csv,2024-06-28,1
22,2017010711027,2017010711027,035,130,2017010711027,0,2,,-,2017010324849,0,,N,22_C_4_130_20240628161604_0_P.csv,2024-06-28,1
22,2019010699267,2019010699267,035,114,2019010699267,0,2,,2019,2019010020336,0,,N,22_C_4_114_20240628141207_0_P.csv,2024-06-28,1
22,2021010251354,2021010251354,035,114,2021010251354,0,2,,-,2020010257427,0,,N,22_C_4_114_20240628141207_0_P.csv,2024-06-28,1
22,2022010248591,2022010248591,035,114,2022010248591,0,2,,-,2021010337044,0,,N,22_C_4_114_20240628141207_0_P.csv,2024-06-28,1
22,2022010257431,2022010257431,035,130,2022010257431,0,2,,2021,2021010464975,0,,N,22_C_4_130_20240628161604_0_P.csv,2024-06-28,1
22,2023010293691,2023010293691,035,130,2023010293691,0,2,,-,2022010239846,0,,N,22_C_4_130_20240628161604_0_P.csv,2024-06-28,1
22,2023010547300,2023010547300,035,114,2023010547300,0,2,,-,2022010514215,0,,N,22_C_4_114_20240628141207_0_P.csv,2024-06-28,1
22,2023010267374,2023010267374,035,130,2023010267374,0,2,,-,2023010136437,0,,N,22_C_4_130_20240628161604_0_P.csv,2024-06-28,1
22,2023010516188,2023010516188,035,130,2023010516188,0,2,,-,2023010268114,0,,N,22_C_4_130_20240628161604_0_P.csv,2024-06-28,1
22,2013010412612,2013010412612,035,130,2013010412612,0,2,,-,2009010281026,0,,N,22_C_4_130_20240628161604_0_P.csv,2024-06-28,1
22,2013010393130,2013010393130,035,114,2013010393130,0,2,,-,2010010377402,0,,N,22_C_4_114_20240628141207_0_P.csv,2024-06-28,1
22,2013010429490,2013010429490,035,114,2013010429490,0,2,,-,2012010618532,0,,N,22_C_4_114_20240628141207_0_P.csv,2024-06-28,1
22,2019010299003,2019010299003,035,114,2019010299003,0,2,,-,2015010374761,0,,N,22_C_4_114_20240628141207_0_P.csv,2024-06-28,1
22,2019010294210,2019010294210,035,114,2019010294210,0,2,,-,2017010378309,0,,N,22_C_4_114_20240628141207_0_P.csv,2024-06-28,1
22,2019010566767,2019010566767,035,114,2019010566767,0,2,,-,2017010536202,0,,N,22_C_4_114_20240628141207_0_P.csv,2024-06-28,1
22,2021010270655,2021010270655,035,114,2021010270655,0,2,,-,2018010570845,0,,N,22_C_4_114_20240628141207_0_P.csv,2024-06-28,1
22,2023010243131,2023010243131,035,114,2023010243131,0,2,,-,2020010238751,0,,N,22_C_4_114_20240628141207_0_P.csv,2024-06-28,1
22,2023010244327,2023010244327,035,130,2023010244327,0,2,,-,2021010019200,0,,N,22_C_4_130_20240628161604_0_P.csv,2024-06-28,1
22,2022010243851,2022010243851,035,130,2022010243851,0,2,,-,2021010250035,0,,N,22_C_4_130_20240628161604_0_P.csv,2024-06-28,1
22,2024016035831,2024016035831,035,114,2024016035831,0,2,,-,2022010170931,0,,N,22_C_4_114_20240628141207_0_P.csv,2024-06-28,1
22,2023010226585,2023010226585,035,130,2023010226585,0,2,,-,2022010188549,0,,N,22_C_4_130_20240628161604_0_P.csv,2024-06-28,1
22,2023010352777,2023010352777,035,114,2023010352777,0,2,,2022,2022010208839,0,,N,22_C_4_114_20240628141207_0_P.csv,2024-06-28,1
22,2023010504047,2023010504047,035,130,2023010504047,0,2,,-,2023010226870,0,,N,22_C_4_130_20240628161604_0_P.csv,2024-06-28,1
22,2013010417888,2013010417888,035,114,2013010417888,0,2,,-,2005010333721,0,,N,22_C_4_114_20240628141207_0_P.csv,2024-06-28,1
22,2013010421618,2013010421618,035,114,2013010421618,0,2,,-,2011010400051,0,,N,22_C_4_114_20240628141207_0_P.csv,2024-06-28,1
22,2019010255150,2019010255150,035,114,2019010255150,0,2,,-,2013010276717,0,,N,22_C_4_114_20240628141207_0_P.csv,2024-06-28,1
22,2018010347712,2018010347712,035,130,2018010347712,0,2,,2016,2016010358385,0,,N,22_C_4_130_20240628161604_0_P.csv,2024-06-28,1
22,2020010271575,2020010271575,035,114,2020010271575,0,2,,-,2019010306027,0,,N,22_C_4_114_20240628141207_0_P.csv,2024-06-28,1
22,2022010230026,2022010230026,035,114,2022010230026,0,2,,-,2020010266250,0,,N,22_C_4_114_20240628141207_0_P.csv,2024-06-28,1
22,2024016036387,2024016036387,035,130,2024016036387,0,2,,-,2023010139698,0,,N,22_C_4_130_20240628161604_0_P.csv,2024-06-28,1
22,2013010417878,2013010417878,035,114,2013010417878,0,2,,-,2005010333716,0,,N,22_C_4_114_20240628141207_0_P.csv,2024-06-28,1
22,2015010274784,2015010274784,035,130,2015010274784,0,2,,-,2014010325699,0,,N,22_C_4_130_20240628161604_0_P.csv,2024-06-28,1
22,2021010197314,2021010197314,035,114,2021010197314,0,2,,-,2017010278714,0,,N,22_C_4_114_20240628141207_0_P.csv,2024-06-28,1
22,2024016005485,2024016005485,035,114,2024016005485,0,2,,-,2018010017303,0,,N,22_C_4_114_20240628141207_0_P.csv,2024-06-28,1
22,2019010298243,2019010298243,035,114,2019010298243,0,2,,-,2018010320547,0,,N,22_C_4_114_20240628141207_0_P.csv,2024-06-28,1
22,2021010268498,2021010268498,035,114,2021010268498,0,2,,-,2019010312529,0,,N,22_C_4_114_20240628141207_0_P.csv,2024-06-28,1
22,2020010355041,2020010355041,035,114,2020010355041,0,2,,-,2020010248142,0,,N,22_C_4_114_20240628141207_0_P.csv,2024-06-28,1
22,2023010596803,2023010596803,035,130,2023010596803,0,2,,-,2021010283881,0,,N,22_C_4_130_20240628161604_0_P.csv,2024-06-28,1
22,2023010291463,2023010291463,035,114,2023010291463,0,2,,-,2022010247005,0,,N,22_C_4_114_20240628141207_0_P.csv,2024-06-28,1
22,2024016040627,2024016040627,035,130,2024016040627,0,2,,-,2023010088963,0,,N,22_C_4_130_20240628161604_0_P.csv,2024-06-28,1
22,2024010066990,2024010066990,035,130,2024010066990,0,2,,-,2023010537688,0,,N,22_C_4_130_20240628161604_0_P.csv,2024-06-28,1
22,2020010616087,2020010616087,035,114,2020010616087,0,2,,2020,2020010484736,0,,N,22_C_4_114_20240622004132_0_P.csv,2024-06-22,1
22,2013010296830,2013010296830,035,130,2013010296830,0,2,,-,2012010336899,0,,N,22_C_4_130_20240420004328_0_P.csv,2024-04-20,1
22,2018010122719,2018010122719,035,114,2018010122719,0,2,,-,2015010161860,0,,N,22_C_4_114_20240420004106_0_P.csv,2024-04-20,1
22,2023010212307,2023010212307,035,130,2023010212307,0,2,,-,2016010256708,0,,N,22_C_4_130_20240420004328_0_P.csv,2024-04-20,1
22,2019010256024,2019010256024,035,130,2019010256024,0,2,,-,2017010306742,0,,N,22_C_4_130_20240420004328_0_P.csv,2024-04-20,1
22,2019010410378,2019010410378,035,114,2019010410378,0,2,,-,2018010113364,0,,N,22_C_4_114_20240420004106_0_P.csv,2024-04-20,1
22,2023010116546,2023010116546,035,114,2023010116546,0,2,,-,2018010142853,0,,N,22_C_4_114_20240420004106_0_P.csv,2024-04-20,1
22,2020010200795,2020010200795,035,130,2020010200795,0,2,,-,2019010116706,0,,N,22_C_4_130_20240420004328_0_P.csv,2024-04-20,1
22,2020010306382,2020010306382,035,130,2020010306382,0,2,,-,2019010257483,0,,N,22_C_4_130_20240420004328_0_P.csv,2024-04-20,1
22,2020010227687,2020010227687,035,130,2020010227687,0,2,,-,2019010283602,0,,N,22_C_4_130_20240420004328_0_P.csv,2024-04-20,1
22,2021010379824,2021010379824,035,130,2021010379824,0,2,,-,2019010513293,0,,N,22_C_4_130_20240420004328_0_P.csv,2024-04-20,1
22,2023010094829,2023010094829,035,130,2023010094829,0,2,,-,2020010004355,0,,N,22_C_4_130_20240420004328_0_P.csv,2024-04-20,1
22,2024016027692,2024016027692,035,130,2024016027692,0,2,,-,2020010182081,0,,N,22_C_4_130_20240420004328_0_P.csv,2024-04-20,1
22,2022010102313,2022010102313,035,130,2022010102313,0,2,,-,2021010116159,0,,N,22_C_4_130_20240420004328_0_P.csv,2024-04-20,1
22,2023010108876,2023010108876,035,130,2023010108876,0,2,,-,2021010116803,0,,N,22_C_4_130_20240420004328_0_P.csv,2024-04-20,1
22,2023010213195,2023010213195,035,130,2023010213195,0,2,,-,2021010217289,0,,N,22_C_4_130_20240420004328_0_P.csv,2024-04-20,1
22,2022010446844,2022010446844,035,130,2022010446844,0,2,,-,2021010266436,0,,N,22_C_4_130_20240420004328_0_P.csv,2024-04-20,1
22,2023010208520,2023010208520,035,130,2023010208520,0,2,,-,2022010177368,0,,N,22_C_4_130_20240420004328_0_P.csv,2024-04-20,1
22,2023010208396,2023010208396,035,130,2023010208396,0,2,,-,2022010192744,0,,N,22_C_4_130_20240420004328_0_P.csv,2024-04-20,1
22,2023010209030,2023010209030,035,130,2023010209030,0,2,,-,2022010198103,0,,N,22_C_4_130_20240420004328_0_P.csv,2024-04-20,1
22,2023010209524,2023010209524,035,130,2023010209524,0,2,,-,2022010208574,0,,N,22_C_4_130_20240420004328_0_P.csv,2024-04-20,1
22,2023010238541,2023010238541,035,130,2023010238541,0,2,,-,2022010223917,0,,N,22_C_4_130_20240420004328_0_P.csv,2024-04-20,1
22,2023010335555,2023010335555,035,114,2023010335555,0,2,,-,2022010441473,0,,N,22_C_4_114_20240420004106_0_P.csv,2024-04-20,1
22,2023010108453,2023010108453,035,114,2023010108453,0,2,,-,2023010107725,0,,N,22_C_4_114_20240420004106_0_P.csv,2024-04-20,1
22,2023010459380,2023010459380,035,130,2023010459380,0,2,,-,2023010206081,0,,N,22_C_4_130_20240420004328_0_P.csv,2024-04-20,1
22,2024010054317,2024010054317,035,130,2024010054317,0,2,,-,2023010546245,0,,N,22_C_4_130_20240420004328_0_P.csv,2024-04-20,1
22,2024010050098,2024010050098,035,130,2024010050098,0,2,,-,2023010467887,0,,N,22_C_4_130_20240618004423_0_P.csv,2024-06-18,1
22,2017010369636,2017010369636,035,130,2017010369636,0,2,,2016,2016010366596,0,,N,22_C_4_130_20240624004233_0_P.csv,2024-06-24,1
22,2023010346641,2023010346641,035,114,2023010346641,0,2,,2020,2020010318431,0,,N,22_C_4_114_20240624004043_0_P.csv,2024-06-24,1
22,2024016026750,2024016026750,035,130,2024016026750,0,2,,-,2023010219430,0,,N,22_C_4_130_20240624004233_0_P.csv,2024-06-24,1
22,2013010489922,2013010489922,035,130,2013010489922,0,2,,-,2011010441956,0,,N,22_C_4_130_20240705143636_0_P.csv,2024-07-05,1
22,2020010292228,2020010292228,035,465,2020010292228,0,2,,-,2018010351830,0,,N,22_C_4_465_20240705144409_0_P.csv,2024-07-05,1
22,2023010279008,2023010279008,035,465,2023010279008,0,2,,-,2021010111827,0,,N,22_C_4_465_20240705144409_0_P.csv,2024-07-05,1
22,2022010341144,2022010341144,035,130,2022010341144,0,2,,2021,2021010159384,0,,N,22_C_4_130_20240705143636_0_P.csv,2024-07-05,1
22,2013010412307,2013010412307,035,114,2013010412307,0,2,,-,2005010359229,0,,N,22_C_4_114_20240705143554_0_P.csv,2024-07-05,1
22,2017010366499,2017010366499,035,114,2017010366499,0,2,,-,2013010390873,0,,N,22_C_4_114_20240705143554_0_P.csv,2024-07-05,1
22,2023010376917,2023010376917,035,659,2023010376917,0,2,,-,2022010278688,0,,N,22_C_4_659_20240705144615_0_P.csv,2024-07-05,1
22,2019010354326,2019010354326,035,114,2019010354326,0,2,,-,2015010119857,0,,N,22_C_4_114_20240705143554_0_P.csv,2024-07-05,1
22,2019010339647,2019010339647,035,659,2019010339647,0,2,,-,2016010360577,0,,N,22_C_4_659_20240705144615_0_P.csv,2024-07-05,1
22,2020010417703,2020010417703,035,130,2020010417703,0,2,,-,2017010326521,0,,N,22_C_4_130_20240705143636_0_P.csv,2024-07-05,1
22,2021010269150,2021010269150,035,114,2021010269150,0,2,,-,2018010385782,0,,N,22_C_4_114_20240705143554_0_P.csv,2024-07-05,1
22,2020010343187,2020010343187,035,130,2020010343187,0,2,,-,2019010311645,0,,N,22_C_4_130_20240705143636_0_P.csv,2024-07-05,1
22,2021010500178,2021010500178,035,659,2021010500178,0,2,,-,2019010575706,0,,N,22_C_4_659_20240705144615_0_P.csv,2024-07-05,1
22,2021010292393,2021010292393,035,130,2021010292393,0,2,,-,2020010276882,0,,N,22_C_4_130_20240705143636_0_P.csv,2024-07-05,1
22,2022010256008,2022010256008,035,114,2022010256008,0,2,,-,2020010284309,0,,N,22_C_4_114_20240705143554_0_P.csv,2024-07-05,1
22,2021010230107,2021010230107,035,130,2021010230107,0,2,,-,2020010327893,0,,N,22_C_4_130_20240705143636_0_P.csv,2024-07-05,1
22,2020010589188,2020010589188,035,114,2020010589188,0,2,,-,2020010476658,0,,N,22_C_4_114_20240705143554_0_P.csv,2024-07-05,1
22,2024010138527,2024010138527,035,465,2024010138527,0,2,,-,2020010602594,0,,N,22_C_4_465_20240705144409_0_P.csv,2024-07-05,1
22,2024010170521,2024010170521,035,465,2024010170521,0,2,,-,2022010254161,0,,N,22_C_4_465_20240705144409_0_P.csv,2024-07-05,1
22,2024016058664,2024016058664,035,130,2024016058664,0,2,,-,2023010033238,0,,N,22_C_4_130_20240705143636_0_P.csv,2024-07-05,1
22,2024016011148,2024016011148,035,130,2024016011148,0,2,,-,2023010155089,0,,N,22_C_4_130_20240705143636_0_P.csv,2024-07-05,1
22,2017010379526,2017010379526,035,465,2017010379526,0,2,,-,2011010300398,0,,N,22_C_4_465_20240705144409_0_P.csv,2024-07-05,1
22,2020010580264,2020010580264,035,465,2020010580264,0,2,,-,2017010386502,0,,N,22_C_4_465_20240705144409_0_P.csv,2024-07-05,1
22,2019010482283,2019010482283,035,465,2019010482283,0,2,,-,2018010344620,0,,N,22_C_4_465_20240705144409_0_P.csv,2024-07-05,1
22,2021010311405,2021010311405,035,114,2021010311405,0,2,,-,2019010192136,0,,N,22_C_4_114_20240705143554_0_P.csv,2024-07-05,1
22,2021010525521,2021010525521,035,130,2021010525521,0,2,,-,2019010637138,0,,N,22_C_4_130_20240705143636_0_P.csv,2024-07-05,1
22,2021010546624,2021010546624,035,114,2021010546624,0,2,,-,2020010575387,0,,N,22_C_4_114_20240705143554_0_P.csv,2024-07-05,1
22,2023010506537,2023010506537,035,465,2023010506537,0,2,,-,2021010086357,0,,N,22_C_4_465_20240705144409_0_P.csv,2024-07-05,1
22,2022010245680,2022010245680,035,659,2022010245680,0,2,,-,2021010267228,0,,N,22_C_4_659_20240705144615_0_P.csv,2024-07-05,1
22,2022010255582,2022010255582,035,465,2022010255582,0,2,,-,2021010301873,0,,N,22_C_4_465_20240705144409_0_P.csv,2024-07-05,1
22,2023010262850,2023010262850,035,130,2023010262850,0,2,,-,2022010041466,0,,N,22_C_4_130_20240705143636_0_P.csv,2024-07-05,1
22,2023010255239,2023010255239,035,130,2023010255239,0,2,,-,2023010161883,0,,N,22_C_4_130_20240705143636_0_P.csv,2024-07-05,1
22,2023010281474,2023010281474,035,659,2023010281474,0,2,,-,2023010167669,0,,N,22_C_4_659_20240705144615_0_P.csv,2024-07-05,1
22,2023010278367,2023010278367,035,659,2023010278367,0,2,,-,2022010252159,0,,N,22_C_4_659_20240708005335_0_P.csv,2024-07-08,1
22,2021010529934,2021010529934,035,465,2021010529934,0,2,,-,2018010171748,0,,N,22_C_4_465_20240715004826_0_P.csv,2024-07-15,1
22,2020010566732,2020010566732,035,130,2020010566732,0,2,,-,2019010674334,0,,N,22_C_4_130_20240715004532_0_P.csv,2024-07-15,1
22,2024016103916,2024016103916,035,130,2024016103916,0,2,,-,2024016041343,0,,N,22_C_4_130_20240715004532_0_P.csv,2024-07-15,1
22,2011010424287,2011010424287,035,465,2011010424287,0,2,,-,2004010270585,0,,N,22_C_4_465_20240714005025_0_P.csv,2024-07-14,1
22,2020010066888,2020010066888,035,114,2020010066888,0,2,,-,2018010137189,0,,N,22_C_4_114_20240714004303_0_P.csv,2024-07-14,1
22,2011010531991,2011010531991,035,659,2011010531991,0,2,,-,2009010406060,0,,N,22_C_4_659_20240830094953_0_P.csv,2024-08-30,1
22,2011010577924,2011010577924,035,114,2011010577924,0,2,,-,2011010237709,0,,N,22_C_4_114_20240830093706_0_P.csv,2024-08-30,1
22,2019010473325,2019010473325,035,465,2019010473325,0,2,,-,2011010416852,0,,N,22_C_4_465_20240830094510_0_P.csv,2024-08-30,1
22,2012010133603,2012010133603,035,130,2012010133603,0,2,,-,2011010513242,0,,N,22_C_4_130_20240830093815_0_P.csv,2024-08-30,1
22,2017010497278,2017010497278,035,130,2017010497278,0,2,,-,2016010437429,0,,N,22_C_4_130_20240830093815_0_P.csv,2024-08-30,1
22,2018010218197,2018010218197,035,465,2018010218197,0,2,,-,2017010418761,0,,N,22_C_4_465_20240830094510_0_P.csv,2024-08-30,1
22,2018010683144,2018010683144,035,130,2018010683144,0,2,,-,2017010491598,0,,N,22_C_4_130_20240830093815_0_P.csv,2024-08-30,1
22,2019010465490,2019010465490,035,465,2019010465490,0,2,,-,2018010479625,0,,N,22_C_4_465_20240830094510_0_P.csv,2024-08-30,1
22,2019010471496,2019010471496,035,465,2019010471496,0,2,,-,2018010491497,0,,N,22_C_4_465_20240830094510_0_P.csv,2024-08-30,1
22,2021010379052,2021010379052,035,130,2021010379052,0,2,,-,2019010392161,0,,N,22_C_4_130_20240830093815_0_P.csv,2024-08-30,1
22,2020010329963,2020010329963,035,114,2020010329963,0,2,,-,2019010412706,0,,N,22_C_4_114_20240830093706_0_P.csv,2024-08-30,1
22,2021010368114,2021010368114,035,114,2021010368114,0,2,,-,2019010423151,0,,N,22_C_4_114_20240830093706_0_P.csv,2024-08-30,1
22,2023010414440,2023010414440,035,659,2023010414440,0,2,,-,2020010401286,0,,N,22_C_4_659_20240830094953_0_P.csv,2024-08-30,1
22,2022010360248,2022010360248,035,659,2022010360248,0,2,,-,2020010422006,0,,N,22_C_4_659_20240830094953_0_P.csv,2024-08-30,1
22,2023010400714,2023010400714,035,130,2023010400714,0,2,,-,2020010515718,0,,N,22_C_4_130_20240830093815_0_P.csv,2024-08-30,1
22,2023010594722,2023010594722,035,130,2023010594722,0,2,,-,2021010371522,0,,N,22_C_4_130_20240830093815_0_P.csv,2024-08-30,1
22,2024016182328,2024016182328,035,130,2024016182328,0,2,,-,2021010404924,0,,N,22_C_4_130_20240830093815_0_P.csv,2024-08-30,1
22,2022010362406,2022010362406,035,465,2022010362406,0,2,,-,2021010405830,0,,N,22_C_4_465_20240830094510_0_P.csv,2024-08-30,1
22,2022010362325,2022010362325,035,465,2022010362325,0,2,,-,2022010108091,0,,N,22_C_4_465_20240830094510_0_P.csv,2024-08-30,1
22,2023010376707,2023010376707,035,659,2023010376707,0,2,,-,2022010324357,0,,N,22_C_4_659_20240830094953_0_P.csv,2024-08-30,1
22,2023010389889,2023010389889,035,659,2023010389889,0,2,,-,2022010333455,0,,N,22_C_4_659_20240830094953_0_P.csv,2024-08-30,1
22,2024010048928,2024010048928,035,130,2024010048928,0,2,,-,2022010351691,0,,N,22_C_4_130_20240830093815_0_P.csv,2024-08-30,1
22,2023010435196,2023010435196,035,659,2023010435196,0,2,,2022,2022010382180,0,,N,22_C_4_659_20240830094953_0_P.csv,2024-08-30,1
22,2024016058759,2024016058759,035,659,2024016058759,0,2,,-,2022010479315,0,,N,22_C_4_659_20240830094953_0_P.csv,2024-08-30,1
22,2024016092836,2024016092836,035,114,2024016092836,0,2,,-,2023010099414,0,,N,22_C_4_114_20240830093706_0_P.csv,2024-08-30,1
22,2024016091535,2024016091535,035,114,2024016091535,0,2,,-,2023010147295,0,,N,22_C_4_114_20240830093706_0_P.csv,2024-08-30,1
22,2023010610101,2023010610101,035,114,2023010610101,0,2,,-,2023010244971,0,,N,22_C_4_114_20240830093706_0_P.csv,2024-08-30,1
22,2024016017508,2024016017508,035,659,2024016017508,0,2,,-,2023010380564,0,,N,22_C_4_659_20240830094953_0_P.csv,2024-08-30,1
22,2013010552465,2013010552465,035,114,2013010552465,0,2,,-,2008010413858,0,,N,22_C_4_114_20240830093706_0_P.csv,2024-08-30,1
22,2013010450268,2013010450268,035,114,2013010450268,0,2,,-,2012010430821,0,,N,22_C_4_114_20240830093706_0_P.csv,2024-08-30,1
22,2017010453622,2017010453622,035,130,2017010453622,0,2,,-,2013010498323,0,,N,22_C_4_130_20240830093815_0_P.csv,2024-08-30,1
22,2020010310277,2020010310277,035,114,2020010310277,0,2,,-,2016010376945,0,,N,22_C_4_114_20240830093706_0_P.csv,2024-08-30,1
22,2019010461312,2019010461312,035,465,2019010461312,0,2,,-,2017010505779,0,,N,22_C_4_465_20240830094510_0_P.csv,2024-08-30,1
22,2023010064457,2023010064457,035,130,2023010064457,0,2,,-,2018010108093,0,,N,22_C_4_130_20240830093815_0_P.csv,2024-08-30,1
22,2020010341800,2020010341800,035,659,2020010341800,0,2,,-,2018010457489,0,,N,22_C_4_659_20240830094953_0_P.csv,2024-08-30,1
22,2020010040083,2020010040083,035,465,2020010040083,0,2,,-,2019010018596,0,,N,22_C_4_465_20240830094510_0_P.csv,2024-08-30,1
22,2020010394891,2020010394891,035,465,2020010394891,0,2,,-,2019010344100,0,,N,22_C_4_465_20240830094510_0_P.csv,2024-08-30,1
22,2024010175326,2024010175326,035,465,2024010175326,0,2,,-,2019010394868,0,,N,22_C_4_465_20240830094510_0_P.csv,2024-08-30,1
22,2020010393495,2020010393495,035,465,2020010393495,0,2,,-,2019010447817,0,,N,22_C_4_465_20240830094510_0_P.csv,2024-08-30,1
22,2020010455419,2020010455419,035,130,2020010455419,0,2,,2019,2019010487385,0,,N,22_C_4_130_20240830093815_0_P.csv,2024-08-30,1
22,2022010041344,2022010041344,035,465,2022010041344,0,2,,-,2020010059254,0,,N,22_C_4_465_20240830094510_0_P.csv,2024-08-30,1
22,2022010340225,2022010340225,035,465,2022010340225,0,2,,-,2020010403216,0,,N,22_C_4_465_20240830094510_0_P.csv,2024-08-30,1
22,2023010268599,2023010268599,035,114,2023010268599,0,2,,-,2020010421253,0,,N,22_C_4_114_20240830093706_0_P.csv,2024-08-30,1
22,2023010334182,2023010334182,035,130,2023010334182,0,2,,-,2021010361628,0,,N,22_C_4_130_20240830093815_0_P.csv,2024-08-30,1
22,2023010408314,2023010408314,035,130,2023010408314,0,2,,-,2021010398411,0,,N,22_C_4_130_20240830093815_0_P.csv,2024-08-30,1
22,2022010363671,2022010363671,035,114,2022010363671,0,2,,-,2021010405182,0,,N,22_C_4_114_20240830093706_0_P.csv,2024-08-30,1
22,2023010415190,2023010415190,035,465,2023010415190,0,2,,-,2022010362240,0,,N,22_C_4_465_20240830094510_0_P.csv,2024-08-30,1
22,2024010050251,2024010050251,035,130,2024010050251,0,2,,-,2023010047956,0,,N,22_C_4_130_20240830093815_0_P.csv,2024-08-30,1
22,2024010065921,2024010065921,035,114,2024010065921,0,2,,-,2023010138981,0,,N,22_C_4_114_20240830093706_0_P.csv,2024-08-30,1
22,2024016092567,2024016092567,035,114,2024016092567,0,2,,-,2023010151717,0,,N,22_C_4_114_20240830093706_0_P.csv,2024-08-30,1
22,2024016062630,2024016062630,035,659,2024016062630,0,2,,-,2023010195920,0,,N,22_C_4_659_20240830094953_0_P.csv,2024-08-30,1
22,2024016110834,2024016110834,035,114,2024016110834,0,2,,-,2023010254809,0,,N,22_C_4_114_20240830093706_0_P.csv,2024-08-30,1
22,2024016009567,2024016009567,035,130,2024016009567,0,2,,-,2023010258133,0,,N,22_C_4_130_20240830093815_0_P.csv,2024-08-30,1
