tp_record_share,id_polizza_exp,id_polizza_invio,compagnia_ania,compagnia_exp,agenzia,numero_polizza_cmp,progressivo,codice_isin,codice_fondo,descrizione_fondo,categoria_fondo,controvalore,numero_quote,valore_nav,data_ultimo_nav,valuta_share,filename,data_elaborazione_file,mandato
24,20050045886,20050045886,035,4,130,20050045886,3,            ,FPRI,,,0.0,145.275,0.0,,EUR,24_C_4_130_20240420004328_0_P.csv,2024-04-20,1
24,20050064276,20050064276,035,4,114,20050064276,3,            ,FPRI,,,0.0,294.515,0.0,,EUR,24_C_4_114_20240715085418_0_P.csv,2024-07-13,1
24,20050064683,20050064683,035,4,114,20050064683,3,            ,129A,,,3712.14,3712.14,0.0,,EUR,24_C_4_114_20240715085418_0_P.csv,2024-07-13,1
24,20050033779,20050033779,035,4,659,20050033779,3,            ,FPRI,,,0.0,362.78,0.0,,EUR,24_C_4_659_20240715085711_0_P.csv,2024-07-13,1
24,20005524966,20005524966,035,4,130,20005524966,1,            ,,,,10588.08,1064.129,9.95,2020-11-30,EUR,24_C_4_130_20240719145109_0_P.csv,2024-07-19,1
24,20002533835,20002533835,035,4,659,20002533835,3,            ,FPRI,,,0.0,2953.818,0.0,,EUR,24_C_4_659_20240719150046_0_P.csv,2024-07-19,1
24,20005559304,20005559304,035,4,130,20005559304,1,            ,976,,,23583.54,1816.074,12.986,2024-07-09,EUR,24_C_4_130_20240719145109_0_P.csv,2024-07-19,1
24,20005566587,20005566587,035,4,130,20005566587,1,            ,979,,,1405.46,166.939,8.419,2022-06-20,EUR,24_C_4_130_20240719145109_0_P.csv,2024-07-19,1
24,20005562446,20005562446,035,4,130,20005562446,1,            ,979,,,7584.53,880.898,8.61,2022-04-18,EUR,24_C_4_130_20240719145109_0_P.csv,2024-07-19,1
24,20013000280,20013000280,035,4,130,20013000280,1,            ,,,,38126.98,3176.454,12.003,2021-04-18,EUR,24_C_4_130_20240719145109_0_P.csv,2024-07-19,1
24,20005596328,20005596328,035,4,130,20005596328,1,            ,976,,,23116.97,2020.714,11.44,2022-09-13,EUR,24_C_4_130_20240719145109_0_P.csv,2024-07-19,1
24,20050043290,20050043290,035,4,114,20050043290,5,RBILATT     ,971,LINEA BILANCIATA ATT,FLESSIBILE,0.0,0.0,12.969,2024-08-26,EUR,24_C_4_114_20240902004223_0_P.csv,2024-09-02,1
24,20002500583,20002500583,035,4,114,20002500583,3,RBILATT     ,971,LINEA BILANCIATA ATT,FLESSIBILE,2485.0,195.216,12.67,2024-06-03,EUR,24_C_4_114_20240712141501_0_P.csv,2024-07-12,1
24,20050063955,20050063955,035,4,114,20050063955,4,RMERCATO    ,832,REALE LINEA MERCATO,MONETARIO,1645.0,76.9,21.391,2024-07-01,EUR,24_C_4_114_20240712141501_0_P.csv,2024-07-12,1
24,20002521907,20002521907,035,4,130,20002521907,4,,152A,,,0.0,0.0,0.0,,EUR,24_C_4_130_20240712141600_0_P.csv,2024-07-12,1
24,20050009972,20050009972,035,4,465,20050009972,4,            ,129A,,,2777.26,2777.26,0.0,,EUR,24_C_4_465_20240712142215_0_P.csv,2024-07-12,1
24,20050028117,20050028117,035,4,114,20050028117,3,            ,FPRI,,,0.0,733.067,0.0,,EUR,24_C_4_114_20240712141501_0_P.csv,2024-07-12,1
24,20050070820,20050070820,035,4,465,20050070820,3,RBILATT     ,971,LINEA BILANCIATA ATT,FLESSIBILE,954.0,75.263,12.67,2024-06-03,EUR,24_C_4_465_20240712142215_0_P.csv,2024-07-12,1
24,20050104861,20050104861,035,4,465,20050104861,4,            ,129A,,,676.46,676.46,0.0,,EUR,24_C_4_465_20240712142215_0_P.csv,2024-07-12,1
24,20002535230,20002535230,035,4,659,20002535230,3,            ,129A,,,7297.17,7297.17,0.0,,EUR,24_C_4_659_20240712142534_0_P.csv,2024-07-12,1
24,20005523170,20005523170,035,4,130,20005523170,1,            ,,,,47456.35,3037.595,15.623,2020-11-23,EUR,24_C_4_130_20240705143636_0_P.csv,2024-07-05,1
24,20005534357,20005534357,035,4,130,20005534357,1,,,,,0.0,0.0,0.0,,EUR,24_C_4_130_20240705143636_0_P.csv,2024-07-05,1
24,20050063046,20050063046,035,4,130,20050063046,3,RMERCATO    ,832,REALE LINEA MERCATO,MONETARIO,1379.0,64.426,21.412,2024-06-25,EUR,24_C_4_130_20240705143636_0_P.csv,2024-07-05,1
24,20013023408,20013023408,035,4,114,20013023408,3,            ,837,,,1418.8,101.889,13.925,2024-03-18,EUR,24_C_4_114_20240705143554_0_P.csv,2024-07-05,1
24,20005570086,20005570086,035,4,130,20005570086,1,            ,979,,,30403.51,3480.255,8.736,2022-02-14,EUR,24_C_4_130_20240705143636_0_P.csv,2024-07-05,1
24,20013023408,20013023408,035,4,114,20013023408,2,            ,836,,,683.02,39.072,17.481,2024-03-18,EUR,24_C_4_114_20240705143554_0_P.csv,2024-07-05,1
24,20005523170,20005523170,035,4,130,20005523170,2,            ,,,,2053.29,207.236,9.908,2020-11-23,EUR,24_C_4_130_20240705143636_0_P.csv,2024-07-05,1
24,20005557967,20005557967,035,4,130,20005557967,1,            ,816,,,30746.27,2109.521,14.575,2023-05-30,EUR,24_C_4_130_20240705143636_0_P.csv,2024-07-05,1
24,20005557967,20005557967,035,4,130,20005557967,2,            ,976,,,701.16,57.27,12.243,2023-05-30,EUR,24_C_4_130_20240705143636_0_P.csv,2024-07-05,1
24,20005515733,20005515733,035,4,130,20005515733,1,,,,,0.0,0.0,0.0,,EUR,24_C_4_130_20240705143636_0_P.csv,2024-07-05,1
24,20050004368,20050004368,035,4,130,20050004368,4,RMERCATO    ,832,REALE LINEA MERCATO,MONETARIO,3103.0,146.919,20.817,2024-06-03,EUR,24_C_4_130_20240628161604_0_P.csv,2024-06-28,1
24,20013014698,20013014698,035,4,130,20013014698,2,            ,802,,,664.5,36.804,18.055,2023-11-18,EUR,24_C_4_130_20240923085513_0_P.csv,2024-09-23,1
24,20050076289,20050076289,035,4,130,20050076289,3,            ,129A,,,2618.94,2618.94,0.0,,EUR,24_C_4_130_20240923085513_0_P.csv,2024-09-23,1
24,20050045620,20050045620,035,4,465,20050045620,4,RMERCATO    ,832,REALE LINEA MERCATO,MONETARIO,2742.0,126.889,21.54,2024-07-08,EUR,24_C_4_465_20240923090214_0_P.csv,2024-09-23,1
24,20050076050,20050076050,035,4,114,20050076050,3,            ,FPRI,,,0.0,2462.565,0.0,,EUR,24_C_4_114_20240923085434_0_P.csv,2024-09-23,1
24,20002533843,20002533843,035,4,130,20002533843,3,            ,FPRI,,,0.0,708.018,0.0,,EUR,24_C_4_130_20240923085513_0_P.csv,2024-09-23,1
24,20002534193,20002534193,035,4,659,20002534193,3,RMERCATO    ,832,REALE LINEA MERCATO,MONETARIO,2948.0,138.912,21.223,2024-08-19,EUR,24_C_4_659_20240923090625_0_P.csv,2024-09-23,1
24,20013014984,20013014984,035,4,130,20013014984,1,            ,802,,,4045.8,224.082,18.055,2023-11-18,EUR,24_C_4_130_20240923085513_0_P.csv,2024-09-23,1
24,20013014984,20013014984,035,4,130,20013014984,2,            ,803,,,11203.49,619.902,18.073,2023-11-18,EUR,24_C_4_130_20240923085513_0_P.csv,2024-09-23,1
24,20013014984,20013014984,035,4,130,20013014984,3,            ,804,,,19750.59,1394.717,14.161,2023-11-18,EUR,24_C_4_130_20240923085513_0_P.csv,2024-09-23,1
24,20050096933,20050096933,035,4,130,20050096933,3,RMERCATO    ,832,REALE LINEA MERCATO,MONETARIO,562.0,26.245,21.396,2024-09-02,EUR,24_C_4_130_20240923085513_0_P.csv,2024-09-23,1
24,20002534407,20002534407,035,4,465,20002534407,4,            ,FPRI,,,0.0,589.818,0.0,,EUR,24_C_4_465_20240923090214_0_P.csv,2024-09-23,1
24,20013014698,20013014698,035,4,130,20013014698,3,            ,803,,,385.93,21.354,18.073,2023-11-18,EUR,24_C_4_130_20240923085513_0_P.csv,2024-09-23,1
24,20050038574,20050038574,035,4,130,20050038574,4,RBILATT     ,971,LINEA BILANCIATA ATT,FLESSIBILE,2728.0,211.452,13.04,2024-09-16,EUR,24_C_4_130_20240923085513_0_P.csv,2024-09-23,1
24,20050051556,20050051556,035,4,130,20050051556,4,RBILATT     ,971,LINEA BILANCIATA ATT,FLESSIBILE,1665.0,128.035,13.002,2024-09-02,EUR,24_C_4_130_20240923085513_0_P.csv,2024-09-23,1
24,20005625728,20005625728,035,4,210,20005625728,1,            ,619,,,4545.91,485.363,9.366,2022-06-27,EUR,24_C_4_210_20240318125508_0_P.csv,2024-03-18,1
24,20002517446,20002517446,035,4,210,20002517446,2,            ,520A,,,5913.67,5913.67,0.0,,EUR,24_C_4_210_20240318125508_0_P.csv,2024-03-18,1
24,20005623293,20005623293,035,4,210,20005623293,1,,,,,0.0,0.0,0.0,,EUR,24_C_4_210_20240318125508_0_P.csv,2024-03-18,1
24,20005536905,20005536905,035,4,210,20005536905,1,            ,,,,10313.81,1037.294,9.943,2020-12-21,EUR,24_C_4_210_20240318125508_0_P.csv,2024-03-18,1
24,20002513500,20002513500,035,4,210,20002513500,2,            ,155A,,,2957.06,2957.06,0.0,,EUR,24_C_4_210_20240318125508_0_P.csv,2024-03-18,1
24,20005619935,20005619935,035,4,210,20005619935,1,            ,816,,,9790.84,667.815,14.661,2023-03-21,EUR,24_C_4_210_20240318125508_0_P.csv,2024-03-18,1
24,20002509777,20002509777,035,4,210,20002509777,2,ROBBLIGAZ   ,970,LINEA OBBLIGAZIONARI,OBBLIGAZIONARIO,5382.0,385.02,13.937,2024-02-19,EUR,24_C_4_210_20240318125508_0_P.csv,2024-03-18,1
24,20005583070,20005583070,035,4,210,20005583070,2,,,,,0.0,0.0,0.0,,EUR,24_C_4_210_20240318125508_0_P.csv,2024-03-18,1
24,20005622486,20005622486,035,4,210,20005622486,1,            ,816,,,46298.23,3063.065,15.115,2024-03-12,EUR,24_C_4_210_20240318125508_0_P.csv,2024-03-18,1
24,20005634894,20005634894,035,4,210,20005634894,1,            ,816,,,5609.54,371.124,15.115,2024-03-12,EUR,24_C_4_210_20240318125508_0_P.csv,2024-03-18,1
24,20005574046,20005574046,035,4,210,20005574046,1,            ,976,,,14748.07,1118.804,13.182,2024-03-12,EUR,24_C_4_210_20240318125508_0_P.csv,2024-03-18,1
24,20013007691,20013007691,035,4,210,20013007691,3,            ,836,,,27023.73,1549.526,17.44,2024-01-18,EUR,24_C_4_210_20240318125508_0_P.csv,2024-03-18,1
24,20002514415,20002514415,035,4,210,20002514415,1,RCONTROLLA  ,831,REALE LINEA CONTROLL,,0.0,0.0,9.75,2021-07-05,EUR,24_C_4_210_20240318125508_0_P.csv,2024-03-18,1
24,20002508792,20002508792,035,4,210,20002508792,1,            ,153A,,,16014.89,16014.89,0.0,,EUR,24_C_4_210_20240318125508_0_P.csv,2024-03-18,1
24,20005637079,20005637079,035,4,210,20005637079,1,            ,816,,,2634.88,174.322,15.115,2024-03-12,EUR,24_C_4_210_20240318125508_0_P.csv,2024-03-18,1
24,20005596789,20005596789,035,4,210,20005596789,1,            ,816,,,1099.5,72.742,15.115,2024-03-12,EUR,24_C_4_210_20240318125508_0_P.csv,2024-03-18,1
24,20005625727,20005625727,035,4,210,20005625727,1,            ,619,,,4545.91,485.363,9.366,2022-06-27,EUR,24_C_4_210_20240318125508_0_P.csv,2024-03-18,1
24,20013007691,20013007691,035,4,210,20013007691,1,            ,801,,,37417.15,2614.39,14.312,2024-01-18,EUR,24_C_4_210_20240318125508_0_P.csv,2024-03-18,1
24,20005612766,20005612766,035,4,210,20005612766,1,            ,976,,,49294.6,3739.539,13.182,2024-03-12,EUR,24_C_4_210_20240318125508_0_P.csv,2024-03-18,1
24,20002506138,20002506138,035,4,210,20002506138,1,            ,153A,,,0.0,22238.59,0.0,,EUR,24_C_4_210_20240318125508_0_P.csv,2024-03-18,1
24,20005619870,20005619870,035,4,210,20005619870,1,,,,,0.0,0.0,0.0,,EUR,24_C_4_210_20240318125508_0_P.csv,2024-03-18,1
24,20002516887,20002516887,035,4,210,20002516887,2,ROBBLIGAZ   ,970,LINEA OBBLIGAZIONARI,OBBLIGAZIONARIO,0.0,0.0,13.344,2023-01-09,EUR,24_C_4_210_20240318125508_0_P.csv,2024-03-18,1
24,20013010322,20013010322,035,4,210,20013010322,1,            ,836,,,11347.31,654.854,17.328,2023-12-18,EUR,24_C_4_210_20240318125508_0_P.csv,2024-03-18,1
24,20013000593,20013000593,035,4,210,20013000593,1,            ,837,,,25196.4,2180.751,11.554,2022-11-18,EUR,24_C_4_210_20240318125508_0_P.csv,2024-03-18,1
24,20005629000,20005629000,035,4,210,20005629000,1,            ,816,,,28059.86,1870.408,15.002,2022-12-13,EUR,24_C_4_210_20240318125508_0_P.csv,2024-03-18,1
24,20002515805,20002515805,035,4,210,20002515805,2,ROBBLIGAZ   ,970,LINEA OBBLIGAZIONARI,OBBLIGAZIONARIO,4386.0,313.788,13.937,2024-02-19,EUR,24_C_4_210_20240318125508_0_P.csv,2024-03-18,1
24,20013000714,20013000714,035,4,210,20013000714,1,,,,,0.0,0.0,0.0,,EUR,24_C_4_210_20240318125508_0_P.csv,2024-03-18,1
24,20002515804,20002515804,035,4,210,20002515804,2,ROBBLIGAZ   ,970,LINEA OBBLIGAZIONARI,OBBLIGAZIONARIO,5868.0,419.789,13.937,2024-02-19,EUR,24_C_4_210_20240318125508_0_P.csv,2024-03-18,1
24,20013016242,20013016242,035,4,210,20013016242,1,            ,835,,,38071.15,2142.56,17.769,2023-12-18,EUR,24_C_4_210_20240318125508_0_P.csv,2024-03-18,1
24,20005613439,20005613439,035,4,210,20005613439,2,            ,977,,,3528.88,280.828,12.566,2024-03-12,EUR,24_C_4_210_20240318125508_0_P.csv,2024-03-18,1
24,20005624293,20005624293,035,4,210,20005624293,1,            ,,,,24180.4,2440.0,9.91,2020-11-23,EUR,24_C_4_210_20240318125508_0_P.csv,2024-03-18,1
24,20005546655,20005546655,035,4,210,20005546655,1,            ,976,,,24571.15,2086.545,11.776,2023-10-24,EUR,24_C_4_210_20240318125508_0_P.csv,2024-03-18,1
24,20005629269,20005629269,035,4,210,20005629269,1,,,,,0.0,0.0,0.0,,EUR,24_C_4_210_20240318125508_0_P.csv,2024-03-18,1
24,20005566253,20005566253,035,4,210,20005566253,3,,,,,0.0,0.0,0.0,,EUR,24_C_4_210_20240318125508_0_P.csv,2024-03-18,1
24,20013000681,20013000681,035,4,210,20013000681,1,,,,,0.0,0.0,0.0,,EUR,24_C_4_210_20240318125508_0_P.csv,2024-03-18,1
24,20013005158,20013005158,035,4,210,20013005158,1,            ,835,,,23278.83,1323.187,17.593,2024-01-18,EUR,24_C_4_210_20240318125508_0_P.csv,2024-03-18,1
24,20013004687,20013004687,035,4,210,20013004687,1,            ,801,,,2143.23,149.323,14.353,2023-11-18,EUR,24_C_4_210_20240318125508_0_P.csv,2024-03-18,1
24,20005563930,20005563930,035,4,210,20005563930,3,,,,,0.0,0.0,0.0,,EUR,24_C_4_210_20240318125508_0_P.csv,2024-03-18,1
24,20013010359,20013010359,035,4,210,20013010359,2,            ,835,,,2920.3,163.291,17.884,2023-11-18,EUR,24_C_4_210_20240318125508_0_P.csv,2024-03-18,1
24,20005614139,20005614139,035,4,210,20005614139,1,,,,,70854.75,4119.941,17.198,2020-05-12,EUR,24_C_4_210_20240318125508_0_P.csv,2024-03-18,1
24,20005613429,20005613429,035,4,210,20005613429,1,            ,816,,,45291.05,2996.431,15.115,2024-03-12,EUR,24_C_4_210_20240318125508_0_P.csv,2024-03-18,1
24,20005579663,20005579663,035,4,210,20005579663,2,,,,,0.0,0.0,0.0,,EUR,24_C_4_210_20240318125508_0_P.csv,2024-03-18,1
24,20005563930,20005563930,035,4,210,20005563930,1,,,,,0.0,0.0,0.0,,EUR,24_C_4_210_20240318125508_0_P.csv,2024-03-18,1
24,20013007661,20013007661,035,4,210,20013007661,1,            ,801,,,11763.99,819.619,14.353,2023-11-18,EUR,24_C_4_210_20240318125508_0_P.csv,2024-03-18,1
24,20002801312,20002801312,035,4,210,20002801312,2,,,,,0.0,0.0,0.0,,EUR,24_C_4_210_20240318125508_0_P.csv,2024-03-18,1
24,20005619153,20005619153,035,4,210,20005619153,2,,,,,0.0,0.0,0.0,,EUR,24_C_4_210_20240318125508_0_P.csv,2024-03-18,1
24,20002513492,20002513492,035,4,210,20002513492,1,RCONTROLLA  ,831,REALE LINEA CONTROLL,,0.0,0.0,9.049,2022-07-04,EUR,24_C_4_210_20240318125508_0_P.csv,2024-03-18,1
24,20013003809,20013003809,035,4,210,20013003809,1,            ,835,,,17379.42,987.86,17.593,2024-01-18,EUR,24_C_4_210_20240318125508_0_P.csv,2024-03-18,1
24,20002519001,20002519001,035,4,210,20002519001,1,            ,520A,,,4173.33,4173.33,0.0,,EUR,24_C_4_210_20240318125508_0_P.csv,2024-03-18,1
24,20013005165,20013005165,035,4,210,20013005165,1,            ,835,,,25981.68,1452.789,17.884,2023-11-18,EUR,24_C_4_210_20240318125508_0_P.csv,2024-03-18,1
24,20005624284,20005624284,035,4,210,20005624284,1,            ,619,,,2258.9,241.361,9.359,2022-07-04,EUR,24_C_4_210_20240318125508_0_P.csv,2024-03-18,1
24,20005533756,20005533756,035,4,210,20005533756,1,,,,,0.0,0.0,0.0,,EUR,24_C_4_210_20240318125508_0_P.csv,2024-03-18,1
24,20002515805,20002515805,035,4,210,20002515805,1,            ,153A,,,25609.21,25609.209,0.0,,EUR,24_C_4_210_20240318125508_0_P.csv,2024-03-18,1
24,20005629269,20005629269,035,4,210,20005629269,2,,,,,0.0,0.0,0.0,,EUR,24_C_4_210_20240318125508_0_P.csv,2024-03-18,1
24,20002516887,20002516887,035,4,210,20002516887,1,            ,151A,,,0.0,-0.009,0.0,,EUR,24_C_4_210_20240318125508_0_P.csv,2024-03-18,1
24,20002510483,20002510483,035,4,210,20002510483,2,ROBBLIGAZ   ,970,LINEA OBBLIGAZIONARI,OBBLIGAZIONARIO,13418.0,959.942,13.937,2024-02-19,EUR,24_C_4_210_20240318125508_0_P.csv,2024-03-18,1
24,20005628261,20005628261,035,4,210,20005628261,1,            ,816,,,25061.55,1658.058,15.115,2024-03-12,EUR,24_C_4_210_20240318125508_0_P.csv,2024-03-18,1
24,20005618260,20005618260,035,4,210,20005618260,2,,,,,0.0,0.0,0.0,,EUR,24_C_4_210_20240318125508_0_P.csv,2024-03-18,1
24,20005525295,20005525295,035,4,210,20005525295,1,            ,,,,13045.64,1051.983,12.401,2020-11-30,EUR,24_C_4_210_20240318125508_0_P.csv,2024-03-18,1
24,20013007664,20013007664,035,4,210,20013007664,1,,,,,0.0,0.0,0.0,,EUR,24_C_4_210_20240318125508_0_P.csv,2024-03-18,1
24,20013003809,20013003809,035,4,210,20013003809,2,            ,836,,,40373.83,2315.013,17.44,2024-01-18,EUR,24_C_4_210_20240318125508_0_P.csv,2024-03-18,1
24,20002504867,20002504867,035,4,210,20002504867,2,ROBBLIGAZ   ,970,LINEA OBBLIGAZIONARI,OBBLIGAZIONARIO,0.0,0.0,13.518,2022-09-19,EUR,24_C_4_210_20240318125508_0_P.csv,2024-03-18,1
24,20002515708,20002515708,035,4,210,20002515708,2,RCONTROLLA  ,831,REALE LINEA CONTROLL,,0.0,0.0,9.009,2023-06-05,EUR,24_C_4_210_20240318125508_0_P.csv,2024-03-18,1
24,20005603662,20005603662,035,4,210,20005603662,1,            ,816,,,7676.6,519.391,14.78,2023-01-17,EUR,24_C_4_210_20240318125508_0_P.csv,2024-03-18,1
24,20002509861,20002509861,035,4,210,20002509861,2,RBILATT     ,971,LINEA BILANCIATA ATT,FLESSIBILE,9986.0,877.05,11.386,2023-10-30,EUR,24_C_4_210_20240318125508_0_P.csv,2024-03-18,1
24,20002507191,20002507191,035,4,210,20002507191,1,            ,153A,,,20126.26,20126.26,0.0,,EUR,24_C_4_210_20240318125508_0_P.csv,2024-03-18,1
24,20002508330,20002508330,035,4,210,20002508330,1,            ,153A,,,8151.15,8151.154,0.0,,EUR,24_C_4_210_20240318125508_0_P.csv,2024-03-18,1
24,20005618688,20005618688,035,4,210,20005618688,1,            ,816,,,12256.72,810.898,15.115,2024-03-12,EUR,24_C_4_210_20240318125508_0_P.csv,2024-03-18,1
24,20005616539,20005616539,035,4,210,20005616539,1,            ,816,,,11979.48,792.556,15.115,2024-03-12,EUR,24_C_4_210_20240318125508_0_P.csv,2024-03-18,1
24,20013008767,20013008767,035,4,210,20013008767,1,            ,801,,,34053.76,2379.385,14.312,2024-01-18,EUR,24_C_4_210_20240318125508_0_P.csv,2024-03-18,1
24,20005622872,20005622872,035,4,210,20005622872,1,            ,816,,,44190.74,2923.635,15.115,2024-03-12,EUR,24_C_4_210_20240318125508_0_P.csv,2024-03-18,1
24,20013009214,20013009214,035,4,210,20013009214,1,            ,801,,,52867.74,3693.945,14.312,2024-01-18,EUR,24_C_4_210_20240318125508_0_P.csv,2024-03-18,1
24,20005613152,20005613152,035,4,210,20005613152,1,,,,,0.0,0.0,0.0,,EUR,24_C_4_210_20240318125508_0_P.csv,2024-03-18,1
24,20002502597,20002502597,035,4,210,20002502597,1,,151A,,,0.0,0.0,0.0,,EUR,24_C_4_210_20240318125508_0_P.csv,2024-03-18,1
24,20005627472,20005627472,035,4,210,20005627472,1,            ,816,,,46208.78,3057.147,15.115,2024-03-12,EUR,24_C_4_210_20240318125508_0_P.csv,2024-03-18,1
24,20013007608,20013007608,035,4,210,20013007608,1,            ,801,,,40241.31,2811.718,14.312,2024-01-18,EUR,24_C_4_210_20240318125508_0_P.csv,2024-03-18,1
24,20005634662,20005634662,035,4,210,20005634662,1,,,,,0.0,0.0,0.0,,EUR,24_C_4_210_20240318125508_0_P.csv,2024-03-18,1
24,20013013565,20013013565,035,4,210,20013013565,1,            ,801,,,48078.34,3359.303,14.312,2024-01-18,EUR,24_C_4_210_20240318125508_0_P.csv,2024-03-18,1
24,20002801368,20002801368,035,4,210,20002801368,3,RMERCATO    ,832,REALE LINEA MERCATO,MONETARIO,0.0,0.0,18.216,2021-04-06,EUR,24_C_4_210_20240318125508_0_P.csv,2024-03-18,1
24,20005623891,20005623891,035,4,210,20005623891,1,            ,816,,,42292.1,2798.022,15.115,2024-03-12,EUR,24_C_4_210_20240318125508_0_P.csv,2024-03-18,1
24,20002518777,20002518777,035,4,210,20002518777,1,RMERCATO    ,832,REALE LINEA MERCATO,MONETARIO,1313.0,68.955,19.041,2024-01-08,EUR,24_C_4_210_20240318125508_0_P.csv,2024-03-18,1
24,20013008189,20013008189,035,4,210,20013008189,1,            ,801,,,27579.91,1927.048,14.312,2024-01-18,EUR,24_C_4_210_20240318125508_0_P.csv,2024-03-18,1
24,20005619281,20005619281,035,4,210,20005619281,1,            ,816,,,24500.93,1552.362,15.783,2022-05-17,EUR,24_C_4_210_20240318125508_0_P.csv,2024-03-18,1
24,20005628574,20005628574,035,4,210,20005628574,1,            ,816,,,26506.99,1753.688,15.115,2024-03-12,EUR,24_C_4_210_20240318125508_0_P.csv,2024-03-18,1
24,20005523096,20005523096,035,4,210,20005523096,1,,,,,0.0,0.0,0.0,,EUR,24_C_4_210_20240318125508_0_P.csv,2024-03-18,1
24,20002801368,20002801368,035,4,210,20002801368,2,RCONTROLLA  ,831,REALE LINEA CONTROLL,,0.0,0.0,9.64,2021-04-06,EUR,24_C_4_210_20240318125508_0_P.csv,2024-03-18,1
24,20005525335,20005525335,035,4,210,20005525335,1,,,,,0.0,0.0,0.0,,EUR,24_C_4_210_20240318125508_0_P.csv,2024-03-18,1
24,20005524061,20005524061,035,4,210,20005524061,1,            ,,,,11834.7,1194.459,9.908,2020-11-23,EUR,24_C_4_210_20240318125508_0_P.csv,2024-03-18,1
24,20005535683,20005535683,035,4,210,20005535683,1,,,,,0.0,0.0,0.0,,EUR,24_C_4_210_20240318125508_0_P.csv,2024-03-18,1
24,20005538413,20005538413,035,4,210,20005538413,1,,,,,0.0,0.0,0.0,,EUR,24_C_4_210_20240318125508_0_P.csv,2024-03-18,1
24,20005639599,20005639599,035,4,210,20005639599,1,            ,816,,,13138.49,869.235,15.115,2024-03-12,EUR,24_C_4_210_20240318125508_0_P.csv,2024-03-18,1
24,20013009212,20013009212,035,4,210,20013009212,1,            ,835,,,67286.26,3824.604,17.593,2024-01-18,EUR,24_C_4_210_20240318125508_0_P.csv,2024-03-18,1
24,20013006745,20013006745,035,4,210,20013006745,1,            ,837,,,6408.24,486.505,13.172,2023-11-18,EUR,24_C_4_210_20240318125508_0_P.csv,2024-03-18,1
24,20005522226,20005522226,035,4,210,20005522226,1,            ,,,,9665.2,975.495,9.908,2020-11-23,EUR,24_C_4_210_20240318125508_0_P.csv,2024-03-18,1
24,20005619292,20005619292,035,4,210,20005619292,1,            ,816,,,4015.92,265.691,15.115,2024-03-12,EUR,24_C_4_210_20240318125508_0_P.csv,2024-03-18,1
24,20013016689,20013016689,035,4,210,20013016689,2,            ,836,,,793.6,45.926,17.28,2023-11-18,EUR,24_C_4_210_20240318125508_0_P.csv,2024-03-18,1
24,20005622347,20005622347,035,4,210,20005622347,1,            ,816,,,35195.56,2489.43,14.138,2023-10-03,EUR,24_C_4_210_20240318125508_0_P.csv,2024-03-18,1
24,20005619828,20005619828,035,4,210,20005619828,1,            ,816,,,16105.2,1065.511,15.115,2024-03-12,EUR,24_C_4_210_20240318125508_0_P.csv,2024-03-18,1
24,20005613206,20005613206,035,4,210,20005613206,1,,,,,0.0,0.0,0.0,,EUR,24_C_4_210_20240318125508_0_P.csv,2024-03-18,1
24,20005631478,20005631478,035,4,210,20005631478,2,            ,832,,,4035.42,198.447,20.335,2024-03-11,EUR,24_C_4_210_20240318125508_0_P.csv,2024-03-18,1
24,20013008242,20013008242,035,4,210,20013008242,1,            ,801,,,14383.3,1001.065,14.368,2023-12-18,EUR,24_C_4_210_20240318125508_0_P.csv,2024-03-18,1
24,20005596897,20005596897,035,4,210,20005596897,1,            ,816,,,9888.35,654.208,15.115,2024-03-12,EUR,24_C_4_210_20240318125508_0_P.csv,2024-03-18,1
24,20005622488,20005622488,035,4,210,20005622488,1,            ,816,,,46298.23,3063.065,15.115,2024-03-12,EUR,24_C_4_210_20240318125508_0_P.csv,2024-03-18,1
24,20002510053,20002510053,035,4,210,20002510053,2,            ,150A,,,5816.53,5816.535,0.0,,EUR,24_C_4_210_20240318125508_0_P.csv,2024-03-18,1
24,20013011431,20013011431,035,4,210,20013011431,1,            ,835,,,46401.06,2611.349,17.769,2023-12-18,EUR,24_C_4_210_20240318125508_0_P.csv,2024-03-18,1
24,20002502642,20002502642,035,4,210,20002502642,1,,,,,0.0,0.0,0.0,,EUR,24_C_4_210_20240318125508_0_P.csv,2024-03-18,1
24,20005634536,20005634536,035,4,210,20005634536,1,            ,816,,,14058.81,930.123,15.115,2024-03-12,EUR,24_C_4_210_20240318125508_0_P.csv,2024-03-18,1
24,20005563968,20005563968,035,4,210,20005563968,2,,,,,0.0,0.0,0.0,,EUR,24_C_4_210_20240318125508_0_P.csv,2024-03-18,1
24,20002519680,20002519680,035,4,210,20002519680,2,            ,520A,,,9739.9,9739.9,0.0,,EUR,24_C_4_210_20240318125508_0_P.csv,2024-03-18,1
24,20002502729,20002502729,035,4,210,20002502729,1,            ,151A,,,27192.3,27192.3,0.0,,EUR,24_C_4_210_20240318125508_0_P.csv,2024-03-18,1
24,20005617571,20005617571,035,4,210,20005617571,1,,,,,0.0,0.0,0.0,,EUR,24_C_4_210_20240318125508_0_P.csv,2024-03-18,1
24,20002510053,20002510053,035,4,210,20002510053,1,ROBBLIGAZ   ,970,LINEA OBBLIGAZIONARI,OBBLIGAZIONARIO,2379.0,170.383,13.96,2024-02-05,EUR,24_C_4_210_20240318125508_0_P.csv,2024-03-18,1
24,20005532936,20005532936,035,4,210,20005532936,1,,,,,0.0,0.0,0.0,,EUR,24_C_4_210_20240318125508_0_P.csv,2024-03-18,1
24,20005633838,20005633838,035,4,210,20005633838,1,            ,816,,,35088.25,2410.404,14.557,2023-11-14,EUR,24_C_4_210_20240318125508_0_P.csv,2024-03-18,1
24,20005586488,20005586488,035,4,210,20005586488,1,,,,,0.0,0.0,0.0,,EUR,24_C_4_210_20240318125508_0_P.csv,2024-03-18,1
24,20002508647,20002508647,035,4,210,20002508647,1,ROBBLIGAZ   ,970,LINEA OBBLIGAZIONARI,OBBLIGAZIONARIO,3917.0,281.582,13.91,2024-01-08,EUR,24_C_4_210_20240318125508_0_P.csv,2024-03-18,1
24,20013000429,20013000429,035,4,210,20013000429,1,,,,,0.0,0.0,0.0,,EUR,24_C_4_210_20240318125508_0_P.csv,2024-03-18,1
24,20005532781,20005532781,035,4,210,20005532781,1,            ,,,,6796.85,694.548,9.786,2020-11-09,EUR,24_C_4_210_20240318125508_0_P.csv,2024-03-18,1
24,20013015949,20013015949,035,4,210,20013015949,1,            ,835,,,29064.87,1652.07,17.593,2024-01-18,EUR,24_C_4_210_20240318125508_0_P.csv,2024-03-18,1
24,20005537722,20005537722,035,4,210,20005537722,1,,,,,0.0,0.0,0.0,,EUR,24_C_4_210_20240318125508_0_P.csv,2024-03-18,1
24,20002513497,20002513497,035,4,210,20002513497,2,RCONTROLLA  ,831,REALE LINEA CONTROLL,,0.0,0.0,9.049,2022-07-04,EUR,24_C_4_210_20240318125508_0_P.csv,2024-03-18,1
24,20002801312,20002801312,035,4,210,20002801312,4,,,,,0.0,0.0,0.0,,EUR,24_C_4_210_20240318125508_0_P.csv,2024-03-18,1
24,20002519470,20002519470,035,4,210,20002519470,1,            ,520A,,,0.0,0.0,0.0,,EUR,24_C_4_210_20240318125508_0_P.csv,2024-03-18,1
24,20002510530,20002510530,035,4,210,20002510530,2,RCONTROLLA  ,831,REALE LINEA CONTROLL,,0.0,0.0,9.009,2023-04-11,EUR,24_C_4_210_20240318125508_0_P.csv,2024-03-18,1
24,20005566597,20005566597,035,4,210,20005566597,2,,,,,0.0,0.0,0.0,,EUR,24_C_4_210_20240318125508_0_P.csv,2024-03-18,1
24,20002501494,20002501494,035,4,210,20002501494,2,            ,151A,,,0.0,0.0,0.0,,EUR,24_C_4_210_20240318125508_0_P.csv,2024-03-18,1
24,20005627736,20005627736,035,4,210,20005627736,1,            ,816,,,2020.63,133.684,15.115,2024-03-12,EUR,24_C_4_210_20240318125508_0_P.csv,2024-03-18,1
24,20002519673,20002519673,035,4,210,20002519673,2,            ,520A,,,0.0,0.0,0.0,,EUR,24_C_4_210_20240318125508_0_P.csv,2024-03-18,1
24,20005592955,20005592955,035,4,210,20005592955,1,,,,,34733.47,2008.644,17.292,2020-06-02,EUR,24_C_4_210_20240318125508_0_P.csv,2024-03-18,1
24,20005613224,20005613224,035,4,210,20005613224,1,,,,,0.0,0.0,0.0,,EUR,24_C_4_210_20240318125508_0_P.csv,2024-03-18,1
24,20013001223,20013001223,035,4,210,20013001223,1,            ,835,,,20880.48,1167.551,17.884,2023-11-18,EUR,24_C_4_210_20240318125508_0_P.csv,2024-03-18,1
24,20005622853,20005622853,035,4,210,20005622853,1,            ,816,,,10545.58,697.69,15.115,2024-03-12,EUR,24_C_4_210_20240318125508_0_P.csv,2024-03-18,1
24,20005613221,20005613221,035,4,210,20005613221,1,            ,816,,,17394.39,1150.803,15.115,2024-03-12,EUR,24_C_4_210_20240318125508_0_P.csv,2024-03-18,1
24,20002510476,20002510476,035,4,210,20002510476,1,RCONTROLLA  ,831,REALE LINEA CONTROLL,,0.0,0.0,9.556,2022-04-04,EUR,24_C_4_210_20240318125508_0_P.csv,2024-03-18,1
24,20005614381,20005614381,035,4,210,20005614381,1,            ,816,,,5356.18,354.362,15.115,2024-03-12,EUR,24_C_4_210_20240318125508_0_P.csv,2024-03-18,1
24,20013010208,20013010208,035,4,210,20013010208,2,            ,835,,,49775.77,2801.27,17.769,2023-12-18,EUR,24_C_4_210_20240318125508_0_P.csv,2024-03-18,1
24,20002515804,20002515804,035,4,210,20002515804,1,            ,153A,,,34325.67,34325.668,0.0,,EUR,24_C_4_210_20240318125508_0_P.csv,2024-03-18,1
24,20005593580,20005593580,035,4,210,20005593580,1,            ,972,,,9911.84,902.307,10.985,2024-03-11,EUR,24_C_4_210_20240318125508_0_P.csv,2024-03-18,1
24,20002518205,20002518205,035,4,210,20002518205,1,,,,,0.0,0.0,0.0,,EUR,24_C_4_210_20240318125508_0_P.csv,2024-03-18,1
24,20002509927,20002509927,035,4,210,20002509927,1,ROBBLIGAZ   ,970,LINEA OBBLIGAZIONARI,OBBLIGAZIONARIO,0.0,0.0,14.863,2022-04-04,EUR,24_C_4_210_20240318125508_0_P.csv,2024-03-18,1
24,20002517224,20002517224,035,4,210,20002517224,2,RBILATT     ,971,LINEA BILANCIATA ATT,FLESSIBILE,34.0,2.804,12.211,2024-01-08,EUR,24_C_4_210_20240318125508_0_P.csv,2024-03-18,1
24,20005631061,20005631061,035,4,210,20005631061,1,            ,816,,,8579.17,567.593,15.115,2024-03-12,EUR,24_C_4_210_20240318125508_0_P.csv,2024-03-18,1
24,20002519208,20002519208,035,4,210,20002519208,1,            ,520A,,,0.0,24430.94,0.0,,EUR,24_C_4_210_20240318125508_0_P.csv,2024-03-18,1
24,20002518200,20002518200,035,4,210,20002518200,1,RMERCATO    ,832,REALE LINEA MERCATO,MONETARIO,5115.0,268.619,19.041,2024-01-08,EUR,24_C_4_210_20240318125508_0_P.csv,2024-03-18,1
24,20013012208,20013012208,035,4,210,20013012208,1,            ,801,,,6117.02,426.184,14.353,2023-11-18,EUR,24_C_4_210_20240318125508_0_P.csv,2024-03-18,1
24,20005626075,20005626075,035,4,210,20005626075,1,            ,619,,,2257.09,241.168,9.359,2022-07-04,EUR,24_C_4_210_20240318125508_0_P.csv,2024-03-18,1
24,20013014243,20013014243,035,4,210,20013014243,3,,,,,0.0,0.0,0.0,,EUR,24_C_4_210_20240318125508_0_P.csv,2024-03-18,1
24,20005616326,20005616326,035,4,210,20005616326,1,,,,,0.0,0.0,0.0,,EUR,24_C_4_210_20240318125508_0_P.csv,2024-03-18,1
24,20002504467,20002504467,035,4,210,20002504467,2,RCONTROLLA  ,831,REALE LINEA CONTROLL,,0.0,0.0,8.903,2023-07-03,EUR,24_C_4_210_20240318125508_0_P.csv,2024-03-18,1
24,20005539014,20005539014,035,4,210,20005539014,1,,,,,0.0,0.0,0.0,,EUR,24_C_4_210_20240318125508_0_P.csv,2024-03-18,1
24,20005589391,20005589391,035,4,210,20005589391,1,,,,,0.0,0.0,0.0,,EUR,24_C_4_210_20240318125508_0_P.csv,2024-03-18,1
24,20002517446,20002517446,035,4,210,20002517446,1,RMERCATO    ,832,REALE LINEA MERCATO,MONETARIO,5831.0,306.221,19.041,2024-01-08,EUR,24_C_4_210_20240318125508_0_P.csv,2024-03-18,1
24,20002513505,20002513505,035,4,210,20002513505,1,            ,155A,,,0.0,0.0,0.0,,EUR,24_C_4_210_20240318125508_0_P.csv,2024-03-18,1
24,20005634351,20005634351,035,4,210,20005634351,1,            ,816,,,4767.72,315.43,15.115,2024-03-12,EUR,24_C_4_210_20240318125508_0_P.csv,2024-03-18,1
24,20005634536,20005634536,035,4,210,20005634536,2,            ,976,,,650.99,49.385,13.182,2024-03-12,EUR,24_C_4_210_20240318125508_0_P.csv,2024-03-18,1
24,20002515021,20002515021,035,4,210,20002515021,1,ROBBLIGAZ   ,970,LINEA OBBLIGAZIONARI,OBBLIGAZIONARIO,0.0,0.0,13.246,2022-10-03,EUR,24_C_4_210_20240318125508_0_P.csv,2024-03-18,1
24,20013009339,20013009339,035,4,210,20013009339,1,            ,835,,,4246.92,241.398,17.593,2024-01-18,EUR,24_C_4_210_20240318125508_0_P.csv,2024-03-18,1
24,20013003441,20013003441,035,4,210,20013003441,2,            ,836,,,47237.09,2708.549,17.44,2024-01-18,EUR,24_C_4_210_20240318125508_0_P.csv,2024-03-18,1
24,20013007628,20013007628,035,4,210,20013007628,1,,,,,0.0,0.0,0.0,,EUR,24_C_4_210_20240318125508_0_P.csv,2024-03-18,1
24,20013003428,20013003428,035,4,210,20013003428,1,,,,,0.0,0.0,0.0,,EUR,24_C_4_210_20240318125508_0_P.csv,2024-03-18,1
24,20005539014,20005539014,035,4,210,20005539014,2,,,,,0.0,0.0,0.0,,EUR,24_C_4_210_20240318125508_0_P.csv,2024-03-18,1
24,20005613367,20005613367,035,4,210,20005613367,2,            ,976,,,183.15,13.894,13.182,2024-03-12,EUR,24_C_4_210_20240318125508_0_P.csv,2024-03-18,1
24,20013008862,20013008862,035,4,210,20013008862,2,            ,836,,,5180.04,299.771,17.28,2023-11-18,EUR,24_C_4_210_20240318125508_0_P.csv,2024-03-18,1
24,20013010380,20013010380,035,4,210,20013010380,1,            ,801,,,14010.32,975.106,14.368,2023-12-18,EUR,24_C_4_210_20240318125508_0_P.csv,2024-03-18,1
24,20005613367,20005613367,035,4,210,20005613367,1,            ,816,,,284.9,18.849,15.115,2024-03-12,EUR,24_C_4_210_20240318125508_0_P.csv,2024-03-18,1
24,20005617964,20005617964,035,4,210,20005617964,1,            ,816,,,63449.85,4197.807,15.115,2024-03-12,EUR,24_C_4_210_20240318125508_0_P.csv,2024-03-18,1
24,20005536177,20005536177,035,4,210,20005536177,1,            ,,,,26724.58,2687.778,9.943,2020-12-21,EUR,24_C_4_210_20240318125508_0_P.csv,2024-03-18,1
24,20005624289,20005624289,035,4,210,20005624289,1,            ,619,,,22835.96,2440.0,9.359,2022-07-04,EUR,24_C_4_210_20240318125508_0_P.csv,2024-03-18,1
24,20002505372,20002505372,035,4,210,20002505372,1,RCONTROLLA  ,831,REALE LINEA CONTROLL,,1455.0,156.473,9.238,2024-01-08,EUR,24_C_4_210_20240318125508_0_P.csv,2024-03-18,1
24,20005616326,20005616326,035,4,210,20005616326,2,,,,,0.0,0.0,0.0,,EUR,24_C_4_210_20240318125508_0_P.csv,2024-03-18,1
24,20005563968,20005563968,035,4,210,20005563968,1,,,,,0.0,0.0,0.0,,EUR,24_C_4_210_20240318125508_0_P.csv,2024-03-18,1
24,20002517224,20002517224,035,4,210,20002517224,1,            ,151A,,,31237.52,31237.519,0.0,,EUR,24_C_4_210_20240318125508_0_P.csv,2024-03-18,1
24,20005525295,20005525295,035,4,210,20005525295,2,            ,,,,13235.82,1330.233,9.95,2020-11-30,EUR,24_C_4_210_20240318125508_0_P.csv,2024-03-18,1
24,20005621795,20005621795,035,4,210,20005621795,1,            ,816,,,43910.07,2516.769,17.447,2021-10-26,EUR,24_C_4_210_20240318125508_0_P.csv,2024-03-18,1
24,20002502341,20002502341,035,4,210,20002502341,1,            ,151A,,,0.0,0.0,0.0,,EUR,24_C_4_210_20240318125508_0_P.csv,2024-03-18,1
24,20013008991,20013008991,035,4,210,20013008991,2,            ,837,,,45239.68,3381.142,13.38,2023-12-18,EUR,24_C_4_210_20240318125508_0_P.csv,2024-03-18,1
24,20005613471,20005613471,035,4,210,20005613471,1,            ,816,,,45898.28,2914.732,15.747,2022-05-24,EUR,24_C_4_210_20240318125508_0_P.csv,2024-03-18,1
24,20013010380,20013010380,035,4,210,20013010380,2,            ,836,,,28550.98,1647.679,17.328,2023-12-18,EUR,24_C_4_210_20240318125508_0_P.csv,2024-03-18,1
24,20013003437,20013003437,035,4,210,20013003437,2,            ,837,,,56385.89,4096.323,13.765,2024-01-18,EUR,24_C_4_210_20240318125508_0_P.csv,2024-03-18,1
24,20005563697,20005563697,035,4,210,20005563697,1,,,,,0.0,0.0,0.0,,EUR,24_C_4_210_20240318125508_0_P.csv,2024-03-18,1
24,20005591770,20005591770,035,4,210,20005591770,1,            ,816,,,6557.64,433.85,15.115,2024-03-12,EUR,24_C_4_210_20240318125508_0_P.csv,2024-03-18,1
24,20005626448,20005626448,035,4,210,20005626448,1,            ,,,,102248.41,10305.222,9.922,2020-11-16,EUR,24_C_4_210_20240318125508_0_P.csv,2024-03-18,1
24,20002518200,20002518200,035,4,210,20002518200,2,            ,520A,,,6530.14,6530.14,0.0,,EUR,24_C_4_210_20240318125508_0_P.csv,2024-03-18,1
24,20005524715,20005524715,035,4,210,20005524715,1,,,,,0.0,0.0,0.0,,EUR,24_C_4_210_20240318125508_0_P.csv,2024-03-18,1
24,20013010403,20013010403,035,4,210,20013010403,2,            ,835,,,5689.91,323.419,17.593,2024-01-18,EUR,24_C_4_210_20240318125508_0_P.csv,2024-03-18,1
24,20005635462,20005635462,035,4,210,20005635462,1,            ,976,,,10406.75,789.467,13.182,2024-03-12,EUR,24_C_4_210_20240318125508_0_P.csv,2024-03-18,1
24,20005537212,20005537212,035,4,210,20005537212,2,            ,971,,,28781.37,2524.864,12.621,2024-03-11,EUR,24_C_4_210_20240318125508_0_P.csv,2024-03-18,1
24,20005617655,20005617655,035,4,210,20005617655,1,            ,816,,,10949.38,724.405,15.115,2024-03-12,EUR,24_C_4_210_20240318125508_0_P.csv,2024-03-18,1
24,20002515806,20002515806,035,4,210,20002515806,2,ROBBLIGAZ   ,970,LINEA OBBLIGAZIONARI,OBBLIGAZIONARIO,4403.0,315.011,13.937,2024-02-19,EUR,24_C_4_210_20240318125508_0_P.csv,2024-03-18,1
24,20005623702,20005623702,035,4,210,20005623702,1,,,,,16015.44,908.059,17.637,2020-07-21,EUR,24_C_4_210_20240318125508_0_P.csv,2024-03-18,1
24,20005565627,20005565627,035,4,210,20005565627,1,,,,,0.0,0.0,0.0,,EUR,24_C_4_210_20240318125508_0_P.csv,2024-03-18,1
24,20005524562,20005524562,035,4,210,20005524562,1,,,,,0.0,0.0,0.0,,EUR,24_C_4_210_20240318125508_0_P.csv,2024-03-18,1
24,20013012542,20013012542,035,4,210,20013012542,1,            ,801,,,12196.44,852.183,14.312,2024-01-18,EUR,24_C_4_210_20240318125508_0_P.csv,2024-03-18,1
24,20005603662,20005603662,035,4,210,20005603662,2,            ,976,,,12463.74,1026.921,12.137,2023-01-17,EUR,24_C_4_210_20240318125508_0_P.csv,2024-03-18,1
24,20005628903,20005628903,035,4,210,20005628903,2,            ,976,,,1575.22,119.498,13.182,2024-03-12,EUR,24_C_4_210_20240318125508_0_P.csv,2024-03-18,1
24,20013014441,20013014441,035,4,210,20013014441,1,            ,,,,8024.58,394.309,20.351,2021-04-18,EUR,24_C_4_210_20240318125508_0_P.csv,2024-03-18,1
24,20002505930,20002505930,035,4,210,20002505930,1,            ,153A,,,44456.49,44456.494,0.0,,EUR,24_C_4_210_20240318125508_0_P.csv,2024-03-18,1
24,20013010442,20013010442,035,4,210,20013010442,2,            ,835,,,6532.85,365.29,17.884,2023-11-18,EUR,24_C_4_210_20240318125508_0_P.csv,2024-03-18,1
24,20002501225,20002501225,035,4,210,20002501225,1,            ,151A,,,10969.09,10969.09,0.0,,EUR,24_C_4_210_20240318125508_0_P.csv,2024-03-18,1
24,20013003647,20013003647,035,4,210,20013003647,1,,,,,0.0,0.0,0.0,,EUR,24_C_4_210_20240318125508_0_P.csv,2024-03-18,1
24,20005619291,20005619291,035,4,210,20005619291,1,            ,816,,,25033.55,1656.206,15.115,2024-03-12,EUR,24_C_4_210_20240318125508_0_P.csv,2024-03-18,1
24,20013010442,20013010442,035,4,210,20013010442,1,            ,801,,,6944.81,483.858,14.353,2023-11-18,EUR,24_C_4_210_20240318125508_0_P.csv,2024-03-18,1
24,20005633002,20005633002,035,4,210,20005633002,2,            ,976,,,7870.18,597.04,13.182,2024-03-12,EUR,24_C_4_210_20240318125508_0_P.csv,2024-03-18,1
24,20005613243,20005613243,035,4,210,20005613243,2,            ,976,,,708.59,53.754,13.182,2024-03-12,EUR,24_C_4_210_20240318125508_0_P.csv,2024-03-18,1
24,20002801312,20002801312,035,4,210,20002801312,1,,,,,0.0,0.0,0.0,,EUR,24_C_4_210_20240318125508_0_P.csv,2024-03-18,1
24,20002801312,20002801312,035,4,210,20002801312,3,,,,,0.0,0.0,0.0,,EUR,24_C_4_210_20240318125508_0_P.csv,2024-03-18,1
24,20013012208,20013012208,035,4,210,20013012208,2,            ,835,,,5725.26,320.133,17.884,2023-11-18,EUR,24_C_4_210_20240318125508_0_P.csv,2024-03-18,1
24,20002515708,20002515708,035,4,210,20002515708,1,            ,153A,,,0.0,0.0,0.0,,EUR,24_C_4_210_20240318125508_0_P.csv,2024-03-18,1
24,20002515268,20002515268,035,4,210,20002515268,3,            ,153A,,,0.0,0.023,0.0,,EUR,24_C_4_210_20240318125508_0_P.csv,2024-03-18,1
24,20005537212,20005537212,035,4,210,20005537212,1,            ,970,,,12176.47,864.192,14.09,2024-03-11,EUR,24_C_4_210_20240318125508_0_P.csv,2024-03-18,1
24,20005616103,20005616103,035,4,210,20005616103,2,            ,976,,,2780.86,210.959,13.182,2024-03-12,EUR,24_C_4_210_20240318125508_0_P.csv,2024-03-18,1
24,20013008991,20013008991,035,4,210,20013008991,1,            ,801,,,59031.92,4108.569,14.368,2023-12-18,EUR,24_C_4_210_20240318125508_0_P.csv,2024-03-18,1
24,20013000455,20013000455,035,4,210,20013000455,1,,,,,0.0,0.0,0.0,,EUR,24_C_4_210_20240318125508_0_P.csv,2024-03-18,1
24,20005527698,20005527698,035,4,210,20005527698,1,            ,,,,99.59,10.0,9.959,2020-12-07,EUR,24_C_4_210_20240318125508_0_P.csv,2024-03-18,1
24,20002513497,20002513497,035,4,210,20002513497,1,            ,155A,,,0.0,0.0,0.0,,EUR,24_C_4_210_20240318125508_0_P.csv,2024-03-18,1
24,20005534833,20005534833,035,4,210,20005534833,1,,,,,0.0,0.0,0.0,,EUR,24_C_4_210_20240318125508_0_P.csv,2024-03-18,1
24,20005525834,20005525834,035,4,210,20005525834,1,,,,,31218.89,3217.779,9.702,2019-12-02,EUR,24_C_4_210_20240318125508_0_P.csv,2024-03-18,1
24,20005603223,20005603223,035,4,210,20005603223,1,,,,,116706.81,11901.571,9.806,2020-07-14,EUR,24_C_4_210_20240318125508_0_P.csv,2024-03-18,1
24,20005639600,20005639600,035,4,210,20005639600,1,            ,816,,,8649.8,572.266,15.115,2024-03-12,EUR,24_C_4_210_20240318125508_0_P.csv,2024-03-18,1
24,20005616191,20005616191,035,4,210,20005616191,1,            ,816,,,60492.16,3705.492,16.325,2022-04-05,EUR,24_C_4_210_20240318125508_0_P.csv,2024-03-18,1
24,20005639505,20005639505,035,4,210,20005639505,1,,,,,0.0,0.0,0.0,,EUR,24_C_4_210_20240318125508_0_P.csv,2024-03-18,1
24,20005631250,20005631250,035,4,210,20005631250,1,,,,,0.0,0.0,0.0,,EUR,24_C_4_210_20240318125508_0_P.csv,2024-03-18,1
24,20005617911,20005617911,035,4,210,20005617911,1,,,,,0.0,0.0,0.0,,EUR,24_C_4_210_20240318125508_0_P.csv,2024-03-18,1
24,20013007610,20013007610,035,4,210,20013007610,1,            ,801,,,54120.11,3781.45,14.312,2024-01-18,EUR,24_C_4_210_20240318125508_0_P.csv,2024-03-18,1
24,20002504669,20002504669,035,4,210,20002504669,1,            ,151A,,,3097.46,3097.46,0.0,,EUR,24_C_4_210_20240318125508_0_P.csv,2024-03-18,1
24,20005574046,20005574046,035,4,210,20005574046,2,            ,977,,,37310.7,2969.179,12.566,2024-03-12,EUR,24_C_4_210_20240318125508_0_P.csv,2024-03-18,1
24,20002510476,20002510476,035,4,210,20002510476,2,            ,155A,,,0.0,0.0,0.0,,EUR,24_C_4_210_20240318125508_0_P.csv,2024-03-18,1
24,20002517668,20002517668,035,4,210,20002517668,1,RMERCATO    ,832,REALE LINEA MERCATO,MONETARIO,0.0,0.0,17.727,2021-02-22,EUR,24_C_4_210_20240318125508_0_P.csv,2024-03-18,1
24,20005520618,20005520618,035,4,210,20005520618,1,,,,,0.0,0.0,0.0,,EUR,24_C_4_210_20240318125508_0_P.csv,2024-03-18,1
24,20005566253,20005566253,035,4,210,20005566253,1,,,,,0.0,0.0,0.0,,EUR,24_C_4_210_20240318125508_0_P.csv,2024-03-18,1
24,20013001223,20013001223,035,4,210,20013001223,2,            ,836,,,15732.82,910.464,17.28,2023-11-18,EUR,24_C_4_210_20240318125508_0_P.csv,2024-03-18,1
24,20005606689,20005606689,035,4,210,20005606689,1,,,,,0.0,0.0,0.0,,EUR,24_C_4_210_20240318125508_0_P.csv,2024-03-18,1
24,20005563071,20005563071,035,4,210,20005563071,2,,,,,0.0,0.0,0.0,,EUR,24_C_4_210_20240318125508_0_P.csv,2024-03-18,1
24,20002515268,20002515268,035,4,210,20002515268,1,RBILATT     ,971,LINEA BILANCIATA ATT,FLESSIBILE,0.0,0.0,11.369,2022-10-03,EUR,24_C_4_210_20240318125508_0_P.csv,2024-03-18,1
24,20005566241,20005566241,035,4,210,20005566241,2,,,,,0.0,0.0,0.0,,EUR,24_C_4_210_20240318125508_0_P.csv,2024-03-18,1
24,20002504677,20002504677,035,4,210,20002504677,1,            ,151A,,,3105.18,3105.18,0.0,,EUR,24_C_4_210_20240318125508_0_P.csv,2024-03-18,1
24,20005636802,20005636802,035,4,210,20005636802,2,            ,977,,,31875.05,2536.611,12.566,2024-03-12,EUR,24_C_4_210_20240318125508_0_P.csv,2024-03-18,1
24,20002510019,20002510019,035,4,210,20002510019,1,            ,150A,,,0.0,0.0,0.0,,EUR,24_C_4_210_20240318125508_0_P.csv,2024-03-18,1
24,20013009265,20013009265,035,4,210,20013009265,1,,,,,26582.84,1832.92,14.503,2019-11-18,EUR,24_C_4_210_20240318125508_0_P.csv,2024-03-18,1
24,20005565034,20005565034,035,4,210,20005565034,2,,,,,0.0,0.0,0.0,,EUR,24_C_4_210_20240318125508_0_P.csv,2024-03-18,1
24,20013003433,20013003433,035,4,210,20013003433,1,,,,,0.0,0.0,0.0,,EUR,24_C_4_210_20240318125508_0_P.csv,2024-03-18,1
24,20005546030,20005546030,035,4,210,20005546030,1,,,,,0.0,0.0,0.0,,EUR,24_C_4_210_20240318125508_0_P.csv,2024-03-18,1
24,20005632750,20005632750,035,4,210,20005632750,1,            ,832,,,25505.78,1254.28,20.335,2024-03-11,EUR,24_C_4_210_20240318125508_0_P.csv,2024-03-18,1
24,20013013890,20013013890,035,4,210,20013013890,1,            ,835,,,20788.08,1162.384,17.884,2023-11-18,EUR,24_C_4_210_20240318125508_0_P.csv,2024-03-18,1
24,20013007627,20013007627,035,4,210,20013007627,2,            ,835,,,15627.57,907.946,17.212,2023-06-18,EUR,24_C_4_210_20240318125508_0_P.csv,2024-03-18,1
24,20005522753,20005522753,035,4,210,20005522753,1,,,,,0.0,0.0,0.0,,EUR,24_C_4_210_20240318125508_0_P.csv,2024-03-18,1
24,20013003809,20013003809,035,4,210,20013003809,3,            ,837,,,48812.04,3546.098,13.765,2024-01-18,EUR,24_C_4_210_20240318125508_0_P.csv,2024-03-18,1
24,20005584492,20005584492,035,4,210,20005584492,1,            ,816,,,12197.73,806.995,15.115,2024-03-12,EUR,24_C_4_210_20240318125508_0_P.csv,2024-03-18,1
24,20002517668,20002517668,035,4,210,20002517668,2,            ,520A,,,0.0,0.0,0.0,,EUR,24_C_4_210_20240318125508_0_P.csv,2024-03-18,1
24,20005619153,20005619153,035,4,210,20005619153,1,,,,,0.0,0.0,0.0,,EUR,24_C_4_210_20240318125508_0_P.csv,2024-03-18,1
24,20005623709,20005623709,035,4,210,20005623709,1,,,,,0.0,0.0,0.0,,EUR,24_C_4_210_20240318125508_0_P.csv,2024-03-18,1
24,20013014243,20013014243,035,4,210,20013014243,1,,,,,0.0,0.0,0.0,,EUR,24_C_4_210_20240318125508_0_P.csv,2024-03-18,1
24,20002518624,20002518624,035,4,210,20002518624,2,RMERCATO    ,832,REALE LINEA MERCATO,MONETARIO,0.0,0.0,17.802,2022-09-19,EUR,24_C_4_210_20240318125508_0_P.csv,2024-03-18,1
24,20005623820,20005623820,035,4,210,20005623820,1,            ,816,,,19960.14,1320.552,15.115,2024-03-12,EUR,24_C_4_210_20240318125508_0_P.csv,2024-03-18,1
24,20005616343,20005616343,035,4,210,20005616343,1,            ,816,,,20136.43,1332.215,15.115,2024-03-12,EUR,24_C_4_210_20240318125508_0_P.csv,2024-03-18,1
24,20005621761,20005621761,035,4,210,20005621761,1,            ,816,,,48503.67,3208.976,15.115,2024-03-12,EUR,24_C_4_210_20240318125508_0_P.csv,2024-03-18,1
24,20005639237,20005639237,035,4,210,20005639237,1,            ,832,,,48824.72,2401.019,20.335,2024-03-11,EUR,24_C_4_210_20240318125508_0_P.csv,2024-03-18,1
24,20013003423,20013003423,035,4,210,20013003423,1,            ,835,,,2989.85,167.18,17.884,2023-11-18,EUR,24_C_4_210_20240318125508_0_P.csv,2024-03-18,1
24,20013007627,20013007627,035,4,210,20013007627,1,            ,801,,,22377.82,1595.908,14.022,2023-06-18,EUR,24_C_4_210_20240318125508_0_P.csv,2024-03-18,1
24,20002509738,20002509738,035,4,210,20002509738,1,            ,151A,,,36158.39,36158.393,0.0,,EUR,24_C_4_210_20240318125508_0_P.csv,2024-03-18,1
24,20002518777,20002518777,035,4,210,20002518777,2,            ,520A,,,4194.53,4194.53,0.0,,EUR,24_C_4_210_20240318125508_0_P.csv,2024-03-18,1
24,20005571769,20005571769,035,4,210,20005571769,1,,,,,0.0,0.0,0.0,,EUR,24_C_4_210_20240318125508_0_P.csv,2024-03-18,1
24,20005615381,20005615381,035,4,210,20005615381,1,,,,,0.0,0.0,0.0,,EUR,24_C_4_210_20240318125508_0_P.csv,2024-03-18,1
24,20002506241,20002506241,035,4,210,20002506241,1,            ,153A,,,0.0,0.0,0.0,,EUR,24_C_4_210_20240318125508_0_P.csv,2024-03-18,1
24,20013000413,20013000413,035,4,210,20013000413,1,,,,,0.0,0.0,0.0,,EUR,24_C_4_210_20240318125508_0_P.csv,2024-03-18,1
24,20005613933,20005613933,035,4,210,20005613933,2,            ,976,,,7340.66,556.87,13.182,2024-03-12,EUR,24_C_4_210_20240318125508_0_P.csv,2024-03-18,1
24,20005566253,20005566253,035,4,210,20005566253,4,,,,,0.0,0.0,0.0,,EUR,24_C_4_210_20240318125508_0_P.csv,2024-03-18,1
24,20005624460,20005624460,035,4,210,20005624460,1,            ,619,,,2521.23,242.24,10.408,2021-08-30,EUR,24_C_4_210_20240318125508_0_P.csv,2024-03-18,1
24,20002510474,20002510474,035,4,210,20002510474,1,            ,155A,,,44302.2,44302.2,0.0,,EUR,24_C_4_210_20240318125508_0_P.csv,2024-03-18,1
24,20005566241,20005566241,035,4,210,20005566241,3,,,,,0.0,0.0,0.0,,EUR,24_C_4_210_20240318125508_0_P.csv,2024-03-18,1
24,20005620218,20005620218,035,4,210,20005620218,1,            ,816,,,22918.75,1516.292,15.115,2024-03-12,EUR,24_C_4_210_20240318125508_0_P.csv,2024-03-18,1
24,20013009547,20013009547,035,4,210,20013009547,1,            ,837,,,60482.07,4591.715,13.172,2023-11-18,EUR,24_C_4_210_20240318125508_0_P.csv,2024-03-18,1
24,20013007077,20013007077,035,4,210,20013007077,1,,,,,0.0,0.0,0.0,,EUR,24_C_4_210_20240318125508_0_P.csv,2024-03-18,1
24,20005624282,20005624282,035,4,210,20005624282,1,            ,619,,,2258.9,241.361,9.359,2022-07-04,EUR,24_C_4_210_20240318125508_0_P.csv,2024-03-18,1
24,20002501514,20002501514,035,4,210,20002501514,2,            ,151A,,,0.0,0.0,0.0,,EUR,24_C_4_210_20240318125508_0_P.csv,2024-03-18,1
24,20013013441,20013013441,035,4,210,20013013441,2,            ,837,,,16776.22,1365.03,12.29,2022-12-18,EUR,24_C_4_210_20240318125508_0_P.csv,2024-03-18,1
24,20005566597,20005566597,035,4,210,20005566597,1,,,,,0.0,0.0,0.0,,EUR,24_C_4_210_20240318125508_0_P.csv,2024-03-18,1
24,20002518689,20002518689,035,4,210,20002518689,1,            ,520A,,,0.0,0.0,0.0,,EUR,24_C_4_210_20240318125508_0_P.csv,2024-03-18,1
24,20005619872,20005619872,035,4,210,20005619872,1,,,,,0.0,0.0,0.0,,EUR,24_C_4_210_20240318125508_0_P.csv,2024-03-18,1
24,20013009476,20013009476,035,4,210,20013009476,1,            ,835,,,33212.29,1887.813,17.593,2024-01-18,EUR,24_C_4_210_20240318125508_0_P.csv,2024-03-18,1
24,20002510498,20002510498,035,4,210,20002510498,1,            ,155A,,,29882.9,29882.9,0.0,,EUR,24_C_4_210_20240318125508_0_P.csv,2024-03-18,1
24,20005563102,20005563102,035,4,210,20005563102,2,,,,,0.0,0.0,0.0,,EUR,24_C_4_210_20240318125508_0_P.csv,2024-03-18,1
24,20005616189,20005616189,035,4,210,20005616189,1,            ,816,,,60447.12,3702.733,16.325,2022-04-05,EUR,24_C_4_210_20240318125508_0_P.csv,2024-03-18,1
24,20013007076,20013007076,035,4,210,20013007076,2,            ,835,,,23256.98,1321.945,17.593,2024-01-18,EUR,24_C_4_210_20240318125508_0_P.csv,2024-03-18,1
24,20005616923,20005616923,035,4,210,20005616923,1,            ,816,,,55931.71,3700.411,15.115,2024-03-12,EUR,24_C_4_210_20240318125508_0_P.csv,2024-03-18,1
24,20005622317,20005622317,035,4,210,20005622317,1,            ,816,,,31820.66,2105.237,15.115,2024-03-12,EUR,24_C_4_210_20240318125508_0_P.csv,2024-03-18,1
24,20013000604,20013000604,035,4,210,20013000604,1,,,,,0.0,0.0,0.0,,EUR,24_C_4_210_20240318125508_0_P.csv,2024-03-18,1
24,20002502989,20002502989,035,4,210,20002502989,1,ROBBLIGAZ   ,970,LINEA OBBLIGAZIONARI,OBBLIGAZIONARIO,4102.0,293.48,13.937,2024-02-19,EUR,24_C_4_210_20240318125508_0_P.csv,2024-03-18,1
24,20005631478,20005631478,035,4,210,20005631478,1,            ,831,,,2426.77,256.747,9.452,2024-03-11,EUR,24_C_4_210_20240318125508_0_P.csv,2024-03-18,1
24,20013001659,20013001659,035,4,210,20013001659,1,,,,,0.0,0.0,0.0,,EUR,24_C_4_210_20240318125508_0_P.csv,2024-03-18,1
24,20013010359,20013010359,035,4,210,20013010359,1,            ,801,,,2875.09,200.313,14.353,2023-11-18,EUR,24_C_4_210_20240318125508_0_P.csv,2024-03-18,1
24,20002509861,20002509861,035,4,210,20002509861,1,            ,151A,,,25270.93,25270.93,0.0,,EUR,24_C_4_210_20240318125508_0_P.csv,2024-03-18,1
24,20005536986,20005536986,035,4,210,20005536986,1,,,,,0.0,0.0,0.0,,EUR,24_C_4_210_20240318125508_0_P.csv,2024-03-18,1
24,20005571769,20005571769,035,4,210,20005571769,2,,,,,0.0,0.0,0.0,,EUR,24_C_4_210_20240318125508_0_P.csv,2024-03-18,1
24,20005603662,20005603662,035,4,210,20005603662,3,            ,977,,,22765.44,2043.026,11.143,2023-01-17,EUR,24_C_4_210_20240318125508_0_P.csv,2024-03-18,1
24,20013007609,20013007609,035,4,210,20013007609,2,            ,836,,,7879.86,451.827,17.44,2024-01-18,EUR,24_C_4_210_20240318125508_0_P.csv,2024-03-18,1
24,20002510474,20002510474,035,4,210,20002510474,2,ROBBLIGAZ   ,970,LINEA OBBLIGAZIONARI,OBBLIGAZIONARIO,13296.0,951.179,13.937,2024-02-19,EUR,24_C_4_210_20240318125508_0_P.csv,2024-03-18,1
24,20005637326,20005637326,035,4,210,20005637326,1,            ,816,,,32950.82,2180.008,15.115,2024-03-12,EUR,24_C_4_210_20240318125508_0_P.csv,2024-03-18,1
24,20002508936,20002508936,035,4,210,20002508936,1,ROBBLIGAZ   ,970,LINEA OBBLIGAZIONARI,OBBLIGAZIONARIO,0.0,0.0,13.91,2024-01-08,EUR,24_C_4_210_20240318125508_0_P.csv,2024-03-18,1
24,20005617474,20005617474,035,4,210,20005617474,1,            ,816,,,2743.07,181.48,15.115,2024-03-12,EUR,24_C_4_210_20240318125508_0_P.csv,2024-03-18,1
24,20013007607,20013007607,035,4,210,20013007607,1,            ,801,,,33011.7,2306.575,14.312,2024-01-18,EUR,24_C_4_210_20240318125508_0_P.csv,2024-03-18,1
24,20005595543,20005595543,035,4,210,20005595543,1,,,,,77414.92,4544.196,17.036,2020-04-21,EUR,24_C_4_210_20240318125508_0_P.csv,2024-03-18,1
24,20002510494,20002510494,035,4,210,20002510494,1,            ,155A,,,29882.9,29882.9,0.0,,EUR,24_C_4_210_20240318125508_0_P.csv,2024-03-18,1
24,20005622507,20005622507,035,4,210,20005622507,1,,,,,0.0,0.0,0.0,,EUR,24_C_4_210_20240318125508_0_P.csv,2024-03-18,1
24,20005580349,20005580349,035,4,210,20005580349,1,,,,,0.0,0.0,0.0,,EUR,24_C_4_210_20240318125508_0_P.csv,2024-03-18,1
24,20005538133,20005538133,035,4,210,20005538133,1,            ,,,,14174.0,1425.525,9.943,2020-12-21,EUR,24_C_4_210_20240318125508_0_P.csv,2024-03-18,1
24,20005584499,20005584499,035,4,210,20005584499,1,            ,816,,,12201.63,807.253,15.115,2024-03-12,EUR,24_C_4_210_20240318125508_0_P.csv,2024-03-18,1
24,20002518401,20002518401,035,4,210,20002518401,1,RMERCATO    ,832,REALE LINEA MERCATO,MONETARIO,0.0,0.0,17.512,2023-01-09,EUR,24_C_4_210_20240318125508_0_P.csv,2024-03-18,1
24,20005546655,20005546655,035,4,210,20005546655,2,            ,977,,,105600.36,9709.485,10.876,2023-10-24,EUR,24_C_4_210_20240318125508_0_P.csv,2024-03-18,1
24,20002510079,20002510079,035,4,210,20002510079,1,            ,151A,,,27529.29,27529.29,0.0,,EUR,24_C_4_210_20240318125508_0_P.csv,2024-03-18,1
24,20013016689,20013016689,035,4,210,20013016689,1,            ,835,,,1599.53,89.439,17.884,2023-11-18,EUR,24_C_4_210_20240318125508_0_P.csv,2024-03-18,1
24,20005627736,20005627736,035,4,210,20005627736,2,            ,976,,,1059.49,80.374,13.182,2024-03-12,EUR,24_C_4_210_20240318125508_0_P.csv,2024-03-18,1
24,20005630502,20005630502,035,4,210,20005630502,1,            ,816,,,33784.1,2235.137,15.115,2024-03-12,EUR,24_C_4_210_20240318125508_0_P.csv,2024-03-18,1
24,20002517473,20002517473,035,4,210,20002517473,2,            ,520A,,,0.0,0.0,0.0,,EUR,24_C_4_210_20240318125508_0_P.csv,2024-03-18,1
24,20005627933,20005627933,035,4,210,20005627933,1,            ,816,,,41701.7,2758.961,15.115,2024-03-12,EUR,24_C_4_210_20240318125508_0_P.csv,2024-03-18,1
24,20005532361,20005532361,035,4,210,20005532361,1,            ,,,,125.28,8.0,15.66,2020-12-21,EUR,24_C_4_210_20240318125508_0_P.csv,2024-03-18,1
24,20013005159,20013005159,035,4,210,20013005159,3,            ,837,,,25618.29,1861.118,13.765,2024-01-18,EUR,24_C_4_210_20240318125508_0_P.csv,2024-03-18,1
24,20002506224,20002506224,035,4,210,20002506224,1,            ,153A,,,0.0,0.0,0.0,,EUR,24_C_4_210_20240318125508_0_P.csv,2024-03-18,1
24,20013006873,20013006873,035,4,210,20013006873,1,,,,,12598.42,1123.054,11.218,2019-11-18,EUR,24_C_4_210_20240318125508_0_P.csv,2024-03-18,1
24,20005619286,20005619286,035,4,210,20005619286,1,            ,816,,,34153.08,2259.549,15.115,2024-03-12,EUR,24_C_4_210_20240318125508_0_P.csv,2024-03-18,1
24,20005634612,20005634612,035,4,210,20005634612,2,            ,977,,,7162.93,570.025,12.566,2024-03-12,EUR,24_C_4_210_20240318125508_0_P.csv,2024-03-18,1
24,20013011431,20013011431,035,4,210,20013011431,2,            ,836,,,54225.29,3129.345,17.328,2023-12-18,EUR,24_C_4_210_20240318125508_0_P.csv,2024-03-18,1
24,20002502724,20002502724,035,4,210,20002502724,1,            ,151A,,,0.0,-0.008,0.0,,EUR,24_C_4_210_20240318125508_0_P.csv,2024-03-18,1
24,20005618345,20005618345,035,4,210,20005618345,1,            ,,,,11381.03,641.944,17.729,2020-09-15,EUR,24_C_4_210_20240318125508_0_P.csv,2024-03-18,1
24,20005579903,20005579903,035,4,210,20005579903,1,,,,,0.0,0.0,0.0,,EUR,24_C_4_210_20240318125508_0_P.csv,2024-03-18,1
24,20013010403,20013010403,035,4,210,20013010403,1,            ,801,,,6033.75,421.587,14.312,2024-01-18,EUR,24_C_4_210_20240318125508_0_P.csv,2024-03-18,1
24,20002504467,20002504467,035,4,210,20002504467,3,ROBBLIGAZ   ,970,LINEA OBBLIGAZIONARI,OBBLIGAZIONARIO,0.0,0.0,13.348,2023-07-03,EUR,24_C_4_210_20240318125508_0_P.csv,2024-03-18,1
24,20005613222,20005613222,035,4,210,20005613222,1,            ,,,,57555.22,3257.228,17.67,2021-03-16,EUR,24_C_4_210_20240318125508_0_P.csv,2024-03-18,1
24,20005615788,20005615788,035,4,210,20005615788,1,            ,977,,,24805.07,1973.983,12.566,2024-03-12,EUR,24_C_4_210_20240318125508_0_P.csv,2024-03-18,1
24,20005540008,20005540008,035,4,210,20005540008,1,            ,972,,,10082.7,917.861,10.985,2024-03-11,EUR,24_C_4_210_20240318125508_0_P.csv,2024-03-18,1
24,20013009214,20013009214,035,4,210,20013009214,2,            ,835,,,12382.16,703.812,17.593,2024-01-18,EUR,24_C_4_210_20240318125508_0_P.csv,2024-03-18,1
24,20013011158,20013011158,035,4,210,20013011158,3,            ,837,,,1774.32,128.901,13.765,2024-01-18,EUR,24_C_4_210_20240318125508_0_P.csv,2024-03-18,1
24,20013016079,20013016079,035,4,210,20013016079,1,,,,,0.0,0.0,0.0,,EUR,24_C_4_210_20240318125508_0_P.csv,2024-03-18,1
24,20002513492,20002513492,035,4,210,20002513492,2,            ,155A,,,0.0,0.0,0.0,,EUR,24_C_4_210_20240318125508_0_P.csv,2024-03-18,1
24,20013016091,20013016091,035,4,210,20013016091,1,            ,801,,,11104.14,773.646,14.353,2023-11-18,EUR,24_C_4_210_20240318125508_0_P.csv,2024-03-18,1
24,20002513500,20002513500,035,4,210,20002513500,1,RCONTROLLA  ,831,REALE LINEA CONTROLL,,2329.0,250.494,9.238,2024-01-08,EUR,24_C_4_210_20240318125508_0_P.csv,2024-03-18,1
24,20005590748,20005590748,035,4,210,20005590748,1,            ,976,,,945.24,71.707,13.182,2024-03-12,EUR,24_C_4_210_20240318125508_0_P.csv,2024-03-18,1
24,20013009212,20013009212,035,4,210,20013009212,2,            ,836,,,8895.69,510.074,17.44,2024-01-18,EUR,24_C_4_210_20240318125508_0_P.csv,2024-03-18,1
24,20005525809,20005525809,035,4,210,20005525809,1,,,,,0.0,0.0,0.0,,EUR,24_C_4_210_20240318125508_0_P.csv,2024-03-18,1
24,20013005158,20013005158,035,4,210,20013005158,2,            ,836,,,28007.51,1605.935,17.44,2024-01-18,EUR,24_C_4_210_20240318125508_0_P.csv,2024-03-18,1
24,20005620920,20005620920,035,4,210,20005620920,1,            ,976,,,13307.12,1009.492,13.182,2024-03-12,EUR,24_C_4_210_20240318125508_0_P.csv,2024-03-18,1
24,20005563102,20005563102,035,4,210,20005563102,3,,,,,0.0,0.0,0.0,,EUR,24_C_4_210_20240318125508_0_P.csv,2024-03-18,1
24,20005640763,20005640763,035,4,210,20005640763,1,            ,,,,3230.66,180.021,17.946,2020-10-20,EUR,24_C_4_210_20240318125508_0_P.csv,2024-03-18,1
24,20013011293,20013011293,035,4,210,20013011293,1,            ,835,,,3913.11,230.359,16.987,2022-11-18,EUR,24_C_4_210_20240318125508_0_P.csv,2024-03-18,1
24,20005634612,20005634612,035,4,210,20005634612,1,            ,816,,,12750.61,843.573,15.115,2024-03-12,EUR,24_C_4_210_20240318125508_0_P.csv,2024-03-18,1
24,20005619808,20005619808,035,4,210,20005619808,1,            ,816,,,28639.13,1894.749,15.115,2024-03-12,EUR,24_C_4_210_20240318125508_0_P.csv,2024-03-18,1
24,20002519501,20002519501,035,4,210,20002519501,1,            ,520A,,,0.0,0.0,0.0,,EUR,24_C_4_210_20240318125508_0_P.csv,2024-03-18,1
24,20005563051,20005563051,035,4,210,20005563051,3,,,,,0.0,0.0,0.0,,EUR,24_C_4_210_20240318125508_0_P.csv,2024-03-18,1
24,20002502341,20002502341,035,4,210,20002502341,2,RCONTROLLA  ,831,REALE LINEA CONTROLL,,0.0,0.0,9.75,2021-07-05,EUR,24_C_4_210_20240318125508_0_P.csv,2024-03-18,1
24,20005579668,20005579668,035,4,210,20005579668,2,            ,970,,,17039.42,1303.007,13.077,2023-10-23,EUR,24_C_4_210_20240318125508_0_P.csv,2024-03-18,1
24,20005563071,20005563071,035,4,210,20005563071,1,,,,,0.0,0.0,0.0,,EUR,24_C_4_210_20240318125508_0_P.csv,2024-03-18,1
24,20005634753,20005634753,035,4,210,20005634753,1,            ,,,,27480.21,1529.738,17.964,2021-01-19,EUR,24_C_4_210_20240318125508_0_P.csv,2024-03-18,1
24,20002517473,20002517473,035,4,210,20002517473,1,RMERCATO    ,832,REALE LINEA MERCATO,MONETARIO,0.0,0.0,19.041,2024-01-08,EUR,24_C_4_210_20240318125508_0_P.csv,2024-03-18,1
24,20005563930,20005563930,035,4,210,20005563930,2,,,,,0.0,0.0,0.0,,EUR,24_C_4_210_20240318125508_0_P.csv,2024-03-18,1
24,20002505949,20002505949,035,4,210,20002505949,2,ROBBLIGAZ   ,970,LINEA OBBLIGAZIONARI,OBBLIGAZIONARIO,8271.0,593.268,13.91,2024-01-08,EUR,24_C_4_210_20240318125508_0_P.csv,2024-03-18,1
24,20002504467,20002504467,035,4,210,20002504467,1,            ,151A,,,0.0,0.003,0.0,,EUR,24_C_4_210_20240318125508_0_P.csv,2024-03-18,1
24,20013007609,20013007609,035,4,210,20013007609,1,            ,801,,,72078.44,5036.224,14.312,2024-01-18,EUR,24_C_4_210_20240318125508_0_P.csv,2024-03-18,1
24,20005565045,20005565045,035,4,210,20005565045,2,,,,,0.0,0.0,0.0,,EUR,24_C_4_210_20240318125508_0_P.csv,2024-03-18,1
24,20005571769,20005571769,035,4,210,20005571769,3,,,,,0.0,0.0,0.0,,EUR,24_C_4_210_20240318125508_0_P.csv,2024-03-18,1
24,20002510483,20002510483,035,4,210,20002510483,1,            ,155A,,,44180.14,44180.14,0.0,,EUR,24_C_4_210_20240318125508_0_P.csv,2024-03-18,1
24,20005603443,20005603443,035,4,210,20005603443,1,,,,,0.0,0.0,0.0,,EUR,24_C_4_210_20240318125508_0_P.csv,2024-03-18,1
24,20002510111,20002510111,035,4,210,20002510111,1,ROBBLIGAZ   ,970,LINEA OBBLIGAZIONARI,OBBLIGAZIONARIO,1592.0,113.891,13.937,2024-02-19,EUR,24_C_4_210_20240318125508_0_P.csv,2024-03-18,1
24,20002510081,20002510081,035,4,210,20002510081,2,ROBBLIGAZ   ,970,LINEA OBBLIGAZIONARI,OBBLIGAZIONARIO,8106.0,579.945,13.937,2024-02-19,EUR,24_C_4_210_20240318125508_0_P.csv,2024-03-18,1
24,20002519673,20002519673,035,4,210,20002519673,1,RMERCATO    ,832,REALE LINEA MERCATO,MONETARIO,0.0,0.0,19.041,2024-01-08,EUR,24_C_4_210_20240318125508_0_P.csv,2024-03-18,1
24,20002510022,20002510022,035,4,210,20002510022,1,            ,150A,,,37839.54,37839.538,0.0,,EUR,24_C_4_210_20240318125508_0_P.csv,2024-03-18,1
24,20005587407,20005587407,035,4,210,20005587407,1,,,,,0.0,0.0,0.0,,EUR,24_C_4_210_20240318125508_0_P.csv,2024-03-18,1
24,20005636747,20005636747,035,4,210,20005636747,1,            ,816,,,25268.02,1671.718,15.115,2024-03-12,EUR,24_C_4_210_20240318125508_0_P.csv,2024-03-18,1
24,20002504867,20002504867,035,4,210,20002504867,3,RMERCATO    ,832,REALE LINEA MERCATO,MONETARIO,0.0,0.0,17.802,2022-09-19,EUR,24_C_4_210_20240318125508_0_P.csv,2024-03-18,1
24,20005613370,20005613370,035,4,210,20005613370,1,            ,977,,,14871.56,1183.476,12.566,2024-03-12,EUR,24_C_4_210_20240318125508_0_P.csv,2024-03-18,1
24,20002519207,20002519207,035,4,210,20002519207,1,            ,520A,,,0.0,24430.94,0.0,,EUR,24_C_4_210_20240318125508_0_P.csv,2024-03-18,1
24,20002507397,20002507397,035,4,210,20002507397,2,            ,153A,,,0.0,-0.03,0.0,,EUR,24_C_4_210_20240318125508_0_P.csv,2024-03-18,1
24,20005534820,20005534820,035,4,210,20005534820,1,,,,,0.0,0.0,0.0,,EUR,24_C_4_210_20240318125508_0_P.csv,2024-03-18,1
24,20002517051,20002517051,035,4,210,20002517051,2,RMERCATO    ,832,REALE LINEA MERCATO,MONETARIO,5874.0,308.499,19.041,2024-01-08,EUR,24_C_4_210_20240318125508_0_P.csv,2024-03-18,1
24,20005551014,20005551014,035,4,210,20005551014,1,,,,,0.0,0.0,0.0,,EUR,24_C_4_210_20240318125508_0_P.csv,2024-03-18,1
24,20013014432,20013014432,035,4,210,20013014432,1,            ,801,,,24502.85,1712.049,14.312,2024-01-18,EUR,24_C_4_210_20240318125508_0_P.csv,2024-03-18,1
24,20002518689,20002518689,035,4,210,20002518689,2,RMERCATO    ,832,REALE LINEA MERCATO,MONETARIO,0.0,0.0,19.041,2024-01-08,EUR,24_C_4_210_20240318125508_0_P.csv,2024-03-18,1
24,20005629580,20005629580,035,4,210,20005629580,1,            ,816,,,16717.93,1106.049,15.115,2024-03-12,EUR,24_C_4_210_20240318125508_0_P.csv,2024-03-18,1
24,20005533576,20005533576,035,4,210,20005533576,1,            ,,,,31819.86,3200.227,9.943,2020-12-21,EUR,24_C_4_210_20240318125508_0_P.csv,2024-03-18,1
24,20002519207,20002519207,035,4,210,20002519207,2,RMERCATO    ,832,REALE LINEA MERCATO,MONETARIO,0.0,0.0,18.159,2023-02-06,EUR,24_C_4_210_20240318125508_0_P.csv,2024-03-18,1
24,20005603301,20005603301,035,4,210,20005603301,1,,,,,0.0,0.0,0.0,,EUR,24_C_4_210_20240318125508_0_P.csv,2024-03-18,1
24,20013007668,20013007668,035,4,210,20013007668,1,,,,,0.0,0.0,0.0,,EUR,24_C_4_210_20240318125508_0_P.csv,2024-03-18,1
24,20005532644,20005532644,035,4,210,20005532644,1,,,,,0.0,0.0,0.0,,EUR,24_C_4_210_20240318125508_0_P.csv,2024-03-18,1
24,20005629516,20005629516,035,4,210,20005629516,1,            ,816,,,38671.91,2558.512,15.115,2024-03-12,EUR,24_C_4_210_20240318125508_0_P.csv,2024-03-18,1
24,20005565627,20005565627,035,4,210,20005565627,2,,,,,0.0,0.0,0.0,,EUR,24_C_4_210_20240318125508_0_P.csv,2024-03-18,1
24,20002518624,20002518624,035,4,210,20002518624,1,            ,520A,,,0.0,0.0,0.0,,EUR,24_C_4_210_20240318125508_0_P.csv,2024-03-18,1
24,20013003441,20013003441,035,4,210,20013003441,1,            ,835,,,39407.72,2239.966,17.593,2024-01-18,EUR,24_C_4_210_20240318125508_0_P.csv,2024-03-18,1
24,20005562095,20005562095,035,4,210,20005562095,1,            ,,,,16724.11,1336.325,12.515,2021-02-23,EUR,24_C_4_210_20240318125508_0_P.csv,2024-03-18,1
24,20013009339,20013009339,035,4,210,20013009339,2,            ,836,,,24598.13,1410.443,17.44,2024-01-18,EUR,24_C_4_210_20240318125508_0_P.csv,2024-03-18,1
24,20002509927,20002509927,035,4,210,20002509927,2,            ,150A,,,0.0,0.001,0.0,,EUR,24_C_4_210_20240318125508_0_P.csv,2024-03-18,1
24,20005532355,20005532355,035,4,210,20005532355,2,            ,,,,143.18,14.4,9.943,2020-12-21,EUR,24_C_4_210_20240318125508_0_P.csv,2024-03-18,1
24,20013007692,20013007692,035,4,210,20013007692,1,            ,801,,,58727.62,4103.383,14.312,2024-01-18,EUR,24_C_4_210_20240318125508_0_P.csv,2024-03-18,1
24,20002515680,20002515680,035,4,210,20002515680,1,ROBBLIGAZ   ,970,LINEA OBBLIGAZIONARI,OBBLIGAZIONARIO,0.0,0.0,15.709,2021-02-01,EUR,24_C_4_210_20240318125508_0_P.csv,2024-03-18,1
24,20002508936,20002508936,035,4,210,20002508936,2,            ,153A,,,0.0,-0.001,0.0,,EUR,24_C_4_210_20240318125508_0_P.csv,2024-03-18,1
24,20013015772,20013015772,035,4,210,20013015772,1,            ,835,,,28455.21,1591.099,17.884,2023-11-18,EUR,24_C_4_210_20240318125508_0_P.csv,2024-03-18,1
24,20005635969,20005635969,035,4,210,20005635969,1,            ,816,,,38079.16,2519.296,15.115,2024-03-12,EUR,24_C_4_210_20240318125508_0_P.csv,2024-03-18,1
24,20005532361,20005532361,035,4,210,20005532361,2,            ,,,,139.2,14.0,9.943,2020-12-21,EUR,24_C_4_210_20240318125508_0_P.csv,2024-03-18,1
24,20013005160,20013005160,035,4,210,20013005160,3,            ,837,,,25469.34,1850.297,13.765,2024-01-18,EUR,24_C_4_210_20240318125508_0_P.csv,2024-03-18,1
24,20002509861,20002509861,035,4,210,20002509861,3,ROBBLIGAZ   ,970,LINEA OBBLIGAZIONARI,OBBLIGAZIONARIO,6607.0,503.562,13.121,2023-10-30,EUR,24_C_4_210_20240318125508_0_P.csv,2024-03-18,1
24,20002505372,20002505372,035,4,210,20002505372,2,            ,151A,,,4887.87,4887.87,0.0,,EUR,24_C_4_210_20240318125508_0_P.csv,2024-03-18,1
24,20005620638,20005620638,035,4,210,20005620638,1,,,,,0.0,0.0,0.0,,EUR,24_C_4_210_20240318125508_0_P.csv,2024-03-18,1
24,20005627535,20005627535,035,4,210,20005627535,1,            ,816,,,7207.56,476.848,15.115,2024-03-12,EUR,24_C_4_210_20240318125508_0_P.csv,2024-03-18,1
24,20013009476,20013009476,035,4,210,20013009476,2,            ,836,,,9685.11,555.339,17.44,2024-01-18,EUR,24_C_4_210_20240318125508_0_P.csv,2024-03-18,1
24,20005613040,20005613040,035,4,210,20005613040,1,            ,977,,,25035.2,1992.297,12.566,2024-03-12,EUR,24_C_4_210_20240318125508_0_P.csv,2024-03-18,1
24,20005620788,20005620788,035,4,210,20005620788,1,            ,816,,,28936.84,1914.445,15.115,2024-03-12,EUR,24_C_4_210_20240318125508_0_P.csv,2024-03-18,1
24,20013007774,20013007774,035,4,210,20013007774,1,            ,801,,,137882.49,9634.048,14.312,2024-01-18,EUR,24_C_4_210_20240318125508_0_P.csv,2024-03-18,1
24,20013005163,20013005163,035,4,210,20013005163,1,            ,837,,,110469.26,8025.373,13.765,2024-01-18,EUR,24_C_4_210_20240318125508_0_P.csv,2024-03-18,1
24,20005630822,20005630822,035,4,210,20005630822,1,            ,976,,,67111.59,5091.154,13.182,2024-03-12,EUR,24_C_4_210_20240318125508_0_P.csv,2024-03-18,1
24,20005530059,20005530059,035,4,210,20005530059,1,,,,,0.0,0.0,0.0,,EUR,24_C_4_210_20240318125508_0_P.csv,2024-03-18,1
24,20002502724,20002502724,035,4,210,20002502724,2,ROBBLIGAZ   ,970,LINEA OBBLIGAZIONARI,OBBLIGAZIONARIO,0.0,0.0,13.734,2022-07-04,EUR,24_C_4_210_20240318125508_0_P.csv,2024-03-18,1
24,20013016641,20013016641,035,4,210,20013016641,1,            ,801,,,6988.72,486.917,14.353,2023-11-18,EUR,24_C_4_210_20240318125508_0_P.csv,2024-03-18,1
24,20013009339,20013009339,035,4,210,20013009339,3,            ,837,,,83285.22,6050.506,13.765,2024-01-18,EUR,24_C_4_210_20240318125508_0_P.csv,2024-03-18,1
24,20002510955,20002510955,035,4,210,20002510955,1,RCONTROLLA  ,831,REALE LINEA CONTROLL,,0.0,0.0,9.136,2022-09-05,EUR,24_C_4_210_20240318125508_0_P.csv,2024-03-18,1
24,20002508602,20002508602,035,4,210,20002508602,2,            ,153A,,,0.0,0.004,0.0,,EUR,24_C_4_210_20240318125508_0_P.csv,2024-03-18,1
24,20002510081,20002510081,035,4,210,20002510081,1,            ,151A,,,50750.88,50750.88,0.0,,EUR,24_C_4_210_20240318125508_0_P.csv,2024-03-18,1
24,20005580349,20005580349,035,4,210,20005580349,3,,,,,0.0,0.0,0.0,,EUR,24_C_4_210_20240318125508_0_P.csv,2024-03-18,1
24,20005580349,20005580349,035,4,210,20005580349,2,,,,,0.0,0.0,0.0,,EUR,24_C_4_210_20240318125508_0_P.csv,2024-03-18,1
24,20005614536,20005614536,035,4,210,20005614536,1,            ,816,,,3939.31,261.314,15.075,2024-01-09,EUR,24_C_4_210_20240318125508_0_P.csv,2024-03-18,1
24,20005622033,20005622033,035,4,210,20005622033,1,            ,816,,,27254.98,1803.174,15.115,2024-03-12,EUR,24_C_4_210_20240318125508_0_P.csv,2024-03-18,1
24,20002508647,20002508647,035,4,210,20002508647,3,RCONTROLLA  ,831,REALE LINEA CONTROLL,,3793.0,410.565,9.238,2024-01-08,EUR,24_C_4_210_20240318125508_0_P.csv,2024-03-18,1
24,20005515150,20005515150,035,4,210,20005515150,1,            ,,,,54.45,5.608,9.71,2020-10-19,EUR,24_C_4_210_20240318125508_0_P.csv,2024-03-18,1
24,20002510955,20002510955,035,4,210,20002510955,2,            ,155A,,,0.0,0.0,0.0,,EUR,24_C_4_210_20240318125508_0_P.csv,2024-03-18,1
24,20002501514,20002501514,035,4,210,20002501514,1,RCONTROLLA  ,831,REALE LINEA CONTROLL,,0.0,0.0,9.049,2022-07-04,EUR,24_C_4_210_20240318125508_0_P.csv,2024-03-18,1
24,20013011295,20013011295,035,4,210,20013011295,1,            ,801,,,3240.74,226.435,14.312,2024-01-18,EUR,24_C_4_210_20240318125508_0_P.csv,2024-03-18,1
24,20002516463,20002516463,035,4,210,20002516463,1,RBILATT     ,971,LINEA BILANCIATA ATT,FLESSIBILE,585.0,47.73,12.211,2024-01-08,EUR,24_C_4_210_20240318125508_0_P.csv,2024-03-18,1
24,20013014243,20013014243,035,4,210,20013014243,2,,,,,0.0,0.0,0.0,,EUR,24_C_4_210_20240318125508_0_P.csv,2024-03-18,1
24,20002517051,20002517051,035,4,210,20002517051,1,            ,520A,,,5906.73,5906.73,0.0,,EUR,24_C_4_210_20240318125508_0_P.csv,2024-03-18,1
24,20005593265,20005593265,035,4,210,20005593265,1,,,,,0.0,0.0,0.0,,EUR,24_C_4_210_20240318125508_0_P.csv,2024-03-18,1
24,20013010322,20013010322,035,4,210,20013010322,2,            ,837,,,31604.59,2362.077,13.38,2023-12-18,EUR,24_C_4_210_20240318125508_0_P.csv,2024-03-18,1
24,20002510022,20002510022,035,4,210,20002510022,2,ROBBLIGAZ   ,970,LINEA OBBLIGAZIONARI,OBBLIGAZIONARIO,13693.0,979.584,13.937,2024-02-19,EUR,24_C_4_210_20240318125508_0_P.csv,2024-03-18,1
24,20002508330,20002508330,035,4,210,20002508330,2,RBILATT     ,971,LINEA BILANCIATA ATT,FLESSIBILE,249.0,20.383,12.211,2024-01-08,EUR,24_C_4_210_20240318125508_0_P.csv,2024-03-18,1
24,20005622700,20005622700,035,4,210,20005622700,1,            ,976,,,6565.95,498.1,13.182,2024-03-12,EUR,24_C_4_210_20240318125508_0_P.csv,2024-03-18,1
24,20013013235,20013013235,035,4,210,20013013235,1,            ,801,,,97503.46,6812.707,14.312,2024-01-18,EUR,24_C_4_210_20240318125508_0_P.csv,2024-03-18,1
24,20002508792,20002508792,035,4,210,20002508792,2,RCONTROLLA  ,831,REALE LINEA CONTROLL,,4728.0,511.824,9.238,2024-01-08,EUR,24_C_4_210_20240318125508_0_P.csv,2024-03-18,1
24,20002504867,20002504867,035,4,210,20002504867,1,            ,151A,,,0.0,-0.008,0.0,,EUR,24_C_4_210_20240318125508_0_P.csv,2024-03-18,1
24,20005571325,20005571325,035,4,210,20005571325,1,            ,977,,,12052.49,959.135,12.566,2024-03-12,EUR,24_C_4_210_20240318125508_0_P.csv,2024-03-18,1
24,20013011158,20013011158,035,4,210,20013011158,2,            ,836,,,1725.86,98.96,17.44,2024-01-18,EUR,24_C_4_210_20240318125508_0_P.csv,2024-03-18,1
24,20005616832,20005616832,035,4,210,20005616832,1,,,,,0.0,0.0,0.0,,EUR,24_C_4_210_20240318125508_0_P.csv,2024-03-18,1
24,20005613316,20005613316,035,4,210,20005613316,1,            ,977,,,22080.82,1757.188,12.566,2024-03-12,EUR,24_C_4_210_20240318125508_0_P.csv,2024-03-18,1
24,20002500868,20002500868,035,4,210,20002500868,2,RCONTROLLA  ,831,REALE LINEA CONTROLL,,0.0,0.0,9.75,2021-07-05,EUR,24_C_4_210_20240318125508_0_P.csv,2024-03-18,1
24,20002504669,20002504669,035,4,210,20002504669,3,RCONTROLLA  ,831,REALE LINEA CONTROLL,,1193.0,128.368,9.238,2024-01-08,EUR,24_C_4_210_20240318125508_0_P.csv,2024-03-18,1
24,20005636332,20005636332,035,4,210,20005636332,1,            ,816,,,12982.61,858.922,15.115,2024-03-12,EUR,24_C_4_210_20240318125508_0_P.csv,2024-03-18,1
24,20013007691,20013007691,035,4,210,20013007691,2,            ,835,,,56542.05,3213.895,17.593,2024-01-18,EUR,24_C_4_210_20240318125508_0_P.csv,2024-03-18,1
24,20013011457,20013011457,035,4,210,20013011457,1,            ,,,,3916.64,185.843,21.075,2020-11-18,EUR,24_C_4_210_20240318125508_0_P.csv,2024-03-18,1
24,20005617307,20005617307,035,4,210,20005617307,1,            ,816,,,48559.33,3212.658,15.115,2024-03-12,EUR,24_C_4_210_20240318125508_0_P.csv,2024-03-18,1
24,20005511732,20005511732,035,4,210,20005511732,1,,,,,0.0,0.0,0.0,,EUR,24_C_4_210_20240318125508_0_P.csv,2024-03-18,1
24,20002519205,20002519205,035,4,210,20002519205,2,RMERCATO    ,832,REALE LINEA MERCATO,MONETARIO,0.0,0.0,18.159,2023-02-06,EUR,24_C_4_210_20240318125508_0_P.csv,2024-03-18,1
24,20005536986,20005536986,035,4,210,20005536986,2,,,,,0.0,0.0,0.0,,EUR,24_C_4_210_20240318125508_0_P.csv,2024-03-18,1
24,20005547197,20005547197,035,4,210,20005547197,1,,,,,999999999999.0,3571.265,9999999999.0,,EUR,24_C_4_210_20240318125508_0_P.csv,2024-03-18,1
24,20002510530,20002510530,035,4,210,20002510530,1,            ,155A,,,0.0,0.0,0.0,,EUR,24_C_4_210_20240318125508_0_P.csv,2024-03-18,1
24,20005613681,20005613681,035,4,210,20005613681,1,            ,816,,,83686.15,5536.629,15.115,2024-03-12,EUR,24_C_4_210_20240318125508_0_P.csv,2024-03-18,1
24,20005634662,20005634662,035,4,210,20005634662,2,,,,,0.0,0.0,0.0,,EUR,24_C_4_210_20240318125508_0_P.csv,2024-03-18,1
24,20013014892,20013014892,035,4,210,20013014892,1,            ,801,,,27923.69,1943.464,14.368,2023-12-18,EUR,24_C_4_210_20240318125508_0_P.csv,2024-03-18,1
24,20002508353,20002508353,035,4,210,20002508353,3,RBILATT     ,971,LINEA BILANCIATA ATT,FLESSIBILE,249.0,20.293,12.211,2024-01-08,EUR,24_C_4_210_20240318125508_0_P.csv,2024-03-18,1
24,20005622523,20005622523,035,4,210,20005622523,1,            ,816,,,39080.38,2585.536,15.115,2024-03-12,EUR,24_C_4_210_20240318125508_0_P.csv,2024-03-18,1
24,20005640766,20005640766,035,4,210,20005640766,1,            ,816,,,2707.31,179.114,15.115,2024-03-12,EUR,24_C_4_210_20240318125508_0_P.csv,2024-03-18,1
