tp_record_share,id_polizza_exp,id_pol_invio,compagnia_ania,compagnia_exp,agenzia,numero_polizza_cmp,progressivo,compagnia_ania_coassicuratrice,agenzia_coassicuratrice,quota_delegata,numero_polizza_coassicuratrice,aliquota_netto_acquisto,aliquota_netto_incasso,filename,data_elaborazione_file,mandato
25,2012102475169,2012102475169,035,4,210,2012102475169,0,019,6,2000,0,0,0,25_C_4_210_20240318125508_0_P.csv,2024-03-18,1
25,0210070006005,0210070006005,035,4,210,0210070006005,0,102,120,2500,0,0,0,25_C_4_210_20240318125508_0_P.csv,2024-03-18,1
25,2009032056140,2009032056140,035,4,210,2009032056140,0,102,120,2500,0,0,0,25_C_4_210_20240318125508_0_P.csv,2024-03-18,1
25,0210070005788,0210070005788,035,4,210,0210070005788,0,023,105,2500,0,0,0,25_C_4_210_20240318125508_0_P.csv,2024-03-18,1
25,2010102316743,2010102316743,035,4,210,2010102316743,0,003,30,2000,0,0,0,25_C_4_210_20240318125508_0_P.csv,2024-03-18,1
25,0210100080711,0210100080711,035,4,210,0210100080711,0,034,228,2000,0,0,0,25_C_4_210_20240318125508_0_P.csv,2024-03-18,1
25,2008052015210,2008052015210,035,4,210,2008052015210,0,003,14,2500,0,0,0,25_C_4_210_20240318125508_0_P.csv,2024-03-18,1
25,0210080001249,0210080001249,035,4,210,0210080001249,0,005,162,3000,0,0,0,25_C_4_210_20240318125508_0_P.csv,2024-03-18,1
25,2015032232566,2015032232566,035,4,210,2015032232566,0,034,7,4000,0,0,0,25_C_4_210_20240318125508_0_P.csv,2024-03-18,1
25,2014502292182,2014502292182,035,4,210,2014502292182,0,034,50,2000,0,0,0,25_C_4_210_20240318125508_0_P.csv,2024-03-18,1
25,2010032073342,2010032073342,035,4,210,2010032073342,0,034,20,1500,0,0,0,25_C_4_210_20240318125508_0_P.csv,2024-03-18,1
25,2010102241040,2010102241040,035,4,210,2010102241040,0,008,200,1500,0,0,0,25_C_4_210_20240318125508_0_P.csv,2024-03-18,1
25,2013502272063,2013502272063,035,4,210,2013502272063,0,864,69,2000,0,0,0,25_C_4_210_20240318125508_0_P.csv,2024-03-18,1
25,2013502282223,2013502282223,035,4,210,2013502282223,0,034,50,2000,0,0,0,25_C_4_210_20240318125508_0_P.csv,2024-03-18,1
25,2010102241040,2010102241040,035,4,210,2010102241040,0,208,6,2500,0,0,0,25_C_4_210_20240318125508_0_P.csv,2024-03-18,1
25,0210030017420,0210030017420,035,4,210,0210030017420,0,034,154,2500,0,0,0,25_C_4_210_20240318125508_0_P.csv,2024-03-18,1
25,2010102241039,2010102241039,035,4,210,2010102241039,0,008,200,1500,0,0,0,25_C_4_210_20240318125508_0_P.csv,2024-03-18,1
25,0210100079914,0210100079914,035,4,210,0210100079914,0,005,87,3000,0,0,0,25_C_4_210_20240318125508_0_P.csv,2024-03-18,1
25,0210100088014,0210100088014,035,4,210,0210100088014,0,102,120,1500,0,0,0,25_C_4_210_20240318125508_0_P.csv,2024-03-18,1
25,2010052174187,2010052174187,035,4,210,2010052174187,0,102,4,3000,0,0,0,25_C_4_210_20240318125508_0_P.csv,2024-03-18,1
25,2013502272063,2013502272063,035,4,210,2013502272063,0,455,58,2000,0,0,0,25_C_4_210_20240318125508_0_P.csv,2024-03-18,1
25,0210030020385,0210030020385,035,4,210,0210030020385,0,034,29,3500,0,0,0,25_C_4_210_20240318125508_0_P.csv,2024-03-18,1
25,2014102786789,2014102786789,035,4,210,2014102786789,0,X08,998,2000,0,0,0,25_C_4_210_20240318125508_0_P.csv,2024-03-18,1
25,0210030019038,0210030019038,035,4,210,0210030019038,0,034,175,4500,0,0,0,25_C_4_210_20240318125508_0_P.csv,2024-03-18,1
25,0210050019356,0210050019356,035,4,210,0210050019356,0,057,9,3500,0,0,0,25_C_4_210_20240318125508_0_P.csv,2024-03-18,1
25,2013502248692,2013502248692,035,4,210,2013502248692,0,328,16,4000,0,0,0,25_C_4_210_20240318125508_0_P.csv,2024-03-18,1
25,0210070006005,0210070006005,035,4,210,0210070006005,0,004,49,2500,0,0,0,25_C_4_210_20240318125508_0_P.csv,2024-03-18,1
25,0210030019038,0210030019038,035,4,210,0210030019038,0,102,118,1000,0,0,0,25_C_4_210_20240318125508_0_P.csv,2024-03-18,1
25,2015102867472,2015102867472,035,4,210,2015102867472,0,019,8,5000,0,0,0,25_C_4_210_20240318125508_0_P.csv,2024-03-18,1
25,0210030017418,0210030017418,035,4,210,0210030017418,0,034,154,5000,0,0,0,25_C_4_210_20240318125508_0_P.csv,2024-03-18,1
25,0210100085434,0210100085434,035,4,210,0210100085434,0,023,105,1500,0,0,0,25_C_4_210_20240318125508_0_P.csv,2024-03-18,1
25,0210030016544,0210030016544,035,4,210,0210030016544,0,035,153,5000,0,0,0,25_C_4_210_20240318125508_0_P.csv,2024-03-18,1
25,0210050019356,0210050019356,035,4,210,0210050019356,0,102,4,1500,0,0,0,25_C_4_210_20240318125508_0_P.csv,2024-03-18,1
25,0210050009015,0210050009015,035,4,210,0210050009015,0,035,901,5000,0,0,0,25_C_4_210_20240318125508_0_P.csv,2024-03-18,1
25,2012102478610,2012102478610,035,4,210,2012102478610,0,853,245,4000,0,0,0,25_C_4_210_20240318125508_0_P.csv,2024-03-18,1
25,2014032207348,2014032207348,035,4,210,2014032207348,0,295,997,5000,0,0,0,25_C_4_210_20240318125508_0_P.csv,2024-03-18,1
25,0210100079913,0210100079913,035,4,210,0210100079913,0,005,87,3000,0,0,0,25_C_4_210_20240318125508_0_P.csv,2024-03-18,1
25,0210030015720,0210030015720,035,4,210,0210030015720,0,005,201,5000,0,0,0,25_C_4_210_20240318125508_0_P.csv,2024-03-18,1
25,0210050015168,0210050015168,035,4,210,0210050015168,0,005,49,5000,0,0,0,25_C_4_210_20240318125508_0_P.csv,2024-03-18,1
25,0210050021294,0210050021294,035,4,210,0210050021294,0,023,105,4000,0,0,0,25_C_4_210_20240318125508_0_P.csv,2024-03-18,1
25,2010102314115,2010102314115,035,4,210,2010102314115,0,208,6,2000,0,0,0,25_C_4_210_20240318125508_0_P.csv,2024-03-18,1
25,0210100083632,0210100083632,035,4,210,0210100083632,0,019,6,3000,0,0,0,25_C_4_210_20240318125508_0_P.csv,2024-03-18,1
25,2011102455327,2011102455327,035,4,210,2011102455327,0,014,161,4000,0,0,0,25_C_4_210_20240318125508_0_P.csv,2024-03-18,1
25,0210050014524,0210050014524,035,4,210,0210050014524,0,023,97,3000,0,0,0,25_C_4_210_20240318125508_0_P.csv,2024-03-18,1
25,2008032019888,2008032019888,035,4,210,2008032019888,0,102,4,1000,0,0,0,25_C_4_210_20240318125508_0_P.csv,2024-03-18,1
25,2012102478637,2012102478637,035,4,210,2012102478637,0,853,245,4000,0,0,0,25_C_4_210_20240318125508_0_P.csv,2024-03-18,1
25,2013502282223,2013502282223,035,4,210,2013502282223,0,019,67,1500,0,0,0,25_C_4_210_20240318125508_0_P.csv,2024-03-18,1
25,0210100083631,0210100083631,035,4,210,0210100083631,0,019,6,3000,0,0,0,25_C_4_210_20240318125508_0_P.csv,2024-03-18,1
25,0210030019464,0210030019464,035,4,210,0210030019464,0,082,228,3000,0,0,0,25_C_4_210_20240318125508_0_P.csv,2024-03-18,1
25,2010052232493,2010052232493,035,4,210,2010052232493,0,022,143,5000,0,0,0,25_C_4_210_20240318125508_0_P.csv,2024-03-18,1
25,0210100080711,0210100080711,035,4,210,0210100080711,0,102,120,1000,0,0,0,25_C_4_210_20240318125508_0_P.csv,2024-03-18,1
25,2008032019888,2008032019888,035,4,210,2008032019888,0,018,91,4500,0,0,0,25_C_4_210_20240318125508_0_P.csv,2024-03-18,1
25,0210030016087,0210030016087,035,4,210,0210030016087,0,023,108,2000,0,0,0,25_C_4_210_20240318125508_0_P.csv,2024-03-18,1
25,0210050019592,0210050019592,035,4,210,0210050019592,0,036,220,5000,0,0,0,25_C_4_210_20240318125508_0_P.csv,2024-03-18,1
25,0210100080711,0210100080711,035,4,210,0210100080711,0,023,105,2000,0,0,0,25_C_4_210_20240318125508_0_P.csv,2024-03-18,1
25,2012102478644,2012102478644,035,4,210,2012102478644,0,853,245,4000,0,0,0,25_C_4_210_20240318125508_0_P.csv,2024-03-18,1
25,2014502292182,2014502292182,035,4,210,2014502292182,0,019,67,1500,0,0,0,25_C_4_210_20240318125508_0_P.csv,2024-03-18,1
25,0210030017583,0210030017583,035,4,210,0210030017583,0,034,12,5000,0,0,0,25_C_4_210_20240318125508_0_P.csv,2024-03-18,1
25,0210050021294,0210050021294,035,4,210,0210050021294,0,102,120,1000,0,0,0,25_C_4_210_20240318125508_0_P.csv,2024-03-18,1
25,2010102241039,2010102241039,035,4,210,2010102241039,0,208,6,2500,0,0,0,25_C_4_210_20240318125508_0_P.csv,2024-03-18,1
25,2013102670501,2013102670501,035,4,210,2013102670501,0,853,245,4000,0,0,0,25_C_4_210_20240318125508_0_P.csv,2024-03-18,1
25,2010062020508,2010062020508,035,4,210,2010062020508,0,034,104,5000,0,0,0,25_C_4_210_20240318125508_0_P.csv,2024-03-18,1
25,2013502272063,2013502272063,035,4,210,2013502272063,0,816,801,2000,0,0,0,25_C_4_210_20240318125508_0_P.csv,2024-03-18,1
25,0210100087354,0210100087354,035,4,210,0210100087354,0,005,89,3000,0,0,0,25_C_4_210_20240318125508_0_P.csv,2024-03-18,1
25,0210100085434,0210100085434,035,4,210,0210100085434,0,102,120,1500,0,0,0,25_C_4_210_20240318125508_0_P.csv,2024-03-18,1
25,2012102475201,2012102475201,035,4,210,2012102475201,0,019,6,2000,0,0,0,25_C_4_210_20240318125508_0_P.csv,2024-03-18,1
25,0210050008520,0210050008520,035,4,210,0210050008520,0,034,177,2500,0,0,0,25_C_4_210_20240318125508_0_P.csv,2024-03-18,1
25,2014502296630,2014502296630,035,4,210,2014502296630,0,816,801,4000,0,0,0,25_C_4_210_20240318125508_0_P.csv,2024-03-18,1
25,0210100079914,0210100079914,035,4,210,0210100079914,0,005,65,1000,0,0,0,25_C_4_210_20240318125508_0_P.csv,2024-03-18,1
25,0210050012513,0210050012513,035,4,210,0210050012513,0,034,228,3000,0,0,0,25_C_4_210_20240318125508_0_P.csv,2024-03-18,1
25,0210050008521,0210050008521,035,4,210,0210050008521,0,034,177,2500,0,0,0,25_C_4_210_20240318125508_0_P.csv,2024-03-18,1
25,0210100088014,0210100088014,035,4,210,0210100088014,0,023,105,1500,0,0,0,25_C_4_210_20240318125508_0_P.csv,2024-03-18,1
25,0210100089371,0210100089371,035,4,210,0210100089371,0,020,87,3000,0,0,0,25_C_4_210_20240318125508_0_P.csv,2024-03-18,1
25,0210100079913,0210100079913,035,4,210,0210100079913,0,005,65,1000,0,0,0,25_C_4_210_20240318125508_0_P.csv,2024-03-18,1
25,2010102316743,2010102316743,035,4,210,2010102316743,0,102,120,2000,0,0,0,25_C_4_210_20240318125508_0_P.csv,2024-03-18,1
25,2013032175183,2013032175183,035,4,210,2013032175183,0,034,152,5000,0,0,0,25_C_4_210_20240318125508_0_P.csv,2024-03-18,1
25,2010052174140,2010052174140,035,4,210,2010052174140,0,102,4,4000,0,0,0,25_C_4_210_20240318125508_0_P.csv,2024-03-18,1
25,2011032121783,2011032121783,035,4,210,2011032121783,0,038,237,5000,0,0,0,25_C_4_210_20240318125508_0_P.csv,2024-03-18,1
25,2013502270554,2013502270554,035,4,210,2013502270554,0,864,69,4000,0,0,0,25_C_4_210_20240318125508_0_P.csv,2024-03-18,1
25,2016032242870,2016032242870,035,4,180,2016032242870,0,035,472,5000,0,0,0,25_C_4_180_20240301115032_0_P.csv,2024-02-01,1
25,2023502681320,2023502681320,035,4,251,2023502681320,0,022,105,1000,0,0,0,25_C_4_251_20240301151525_0_P.csv,2024-02-02,1
25,2023502658046,2023502658046,035,4,100,2023502658046,0,003,3,2300,0,0,0,25_C_4_100_20240301111136_0_P.csv,2024-02-01,1
25,0250500003897,0250500003897,035,4,250,0250500003897,0,023,25,3000,0,0,0,25_C_4_250_20240301151224_0_P.csv,2024-02-02,1
25,2017072047252,2017072047252,035,4,470,2017072047252,0,005,650,3500,0,0,0,25_C_4_470_20240306133139_0_P.csv,2024-02-04,1
25,0253050066592,0253050066592,035,4,253,0253050066592,0,008,246,1000,0,0,0,25_C_4_253_20240301150036_0_P.csv,2024-02-02,1
25,2015102817218,2015102817218,035,4,253,2015102817218,0,899,632,4000,0,1750,1750,25_C_4_253_20240301150036_0_P.csv,2024-02-02,1
25,2019502514038,2019502514038,035,4,180,2019502514038,0,023,2301,2500,0,0,0,25_C_4_180_20240301115032_0_P.csv,2024-02-01,1
25,2010502127898,2010502127898,035,4,699,2010502127898,0,005,4,1000,0,0,0,25_C_4_699_20240314142137_0_P.csv,2024-02-05,1
25,0800500009983,0800500009983,035,4,800,0800500009983,0,004,221,1000,0,0,0,25_C_4_800_20240314154059_0_P.csv,2024-02-06,1
25,2020062076444,2020062076444,035,4,251,2020062076444,0,023,492,4000,0,0,0,25_C_4_251_20240301151525_0_P.csv,2024-02-02,1
25,2019502522407,2019502522407,035,4,100,2019502522407,0,034,3,3000,0,0,0,25_C_4_100_20240301111136_0_P.csv,2024-02-01,1
25,2014502319755,2014502319755,035,4,699,2014502319755,0,005,5,2000,0,0,0,25_C_4_699_20240314142137_0_P.csv,2024-02-05,1
25,0764100027548,0764100027548,035,4,764,0764100027548,0,034,232,2000,0,0,0,25_C_4_764_20240314153750_0_P.csv,2024-02-06,1
25,2014102733854,2014102733854,035,4,385,2014102733854,0,034,27,8000,0,0,0,25_C_4_385_20240306130345_0_P.csv,2024-02-03,1
25,2010102311446,2010102311446,035,4,412,2010102311446,0,036,11,1500,0,0,600,25_C_4_412_20240306131754_0_P.csv,2024-02-03,1
25,2017062058920,2017062058920,035,4,180,2017062058920,0,014,1369,4000,0,0,0,25_C_4_180_20240301115032_0_P.csv,2024-02-01,1
25,2018052758257,2018052758257,035,4,253,2018052758257,0,014,643,4000,0,1900,1900,25_C_4_253_20240301150036_0_P.csv,2024-02-02,1
25,2019502501475,2019502501475,035,4,100,2019502501475,0,034,36,3000,0,0,0,25_C_4_100_20240301111136_0_P.csv,2024-02-01,1
25,2020052946745,2020052946745,035,4,299,2020052946745,0,E45,347,2000,0,0,0,25_C_4_299_20240306125600_0_P.csv,2024-02-02,1
25,2019103197253,2019103197253,035,4,843,2019103197253,0,102,2,3000,0,0,0,25_C_4_843_20240314150855_0_P.csv,2024-02-06,1
25,2019502529502,2019502529502,035,4,499,2019502529502,0,455,31,2000,0,0,0,25_C_4_499_20240306133731_0_P.csv,2024-02-04,1
25,2016502407705,2016502407705,035,4,251,2016502407705,0,864,949,5000,0,1000,1000,25_C_4_251_20240301151525_0_P.csv,2024-02-02,1
25,0299100017611,0299100017611,035,4,299,0299100017611,0,082,10,3000,0,0,0,25_C_4_299_20240306125600_0_P.csv,2024-02-02,1
25,2019802322562,2019802322562,035,4,408,2019802322562,0,034,408,4000,0,0,0,25_C_4_408_20240306131601_0_P.csv,2024-02-03,1
25,2017032283602,2017032283602,035,4,881,2017032283602,0,013,619,4000,0,0,0,25_C_4_881_20240314153950_0_P.csv,2024-02-06,1
25,2021103341205,2021103341205,035,4,257,2021103341205,0,038,270,2500,0,1500,1500,25_C_4_257_20240301150945_0_P.csv,2024-02-02,1
25,0260070007971,0260070007971,035,4,260,0260070007971,0,018,184,2500,0,0,0,25_C_4_260_20240301151751_0_P.csv,2024-02-02,1
25,2019502508083,2019502508083,035,4,100,2019502508083,0,455,69,5000,0,0,0,25_C_4_100_20240301111136_0_P.csv,2024-02-01,1
25,2021502623957,2021502623957,035,4,499,2021502623957,0,005,74,1500,0,0,0,25_C_4_499_20240306133731_0_P.csv,2024-02-04,1
25,0253100106331,0253100106331,035,4,253,0253100106331,0,019,582,5000,0,1500,1500,25_C_4_253_20240301150036_0_P.csv,2024-02-02,1
25,0100070026016,0100070026016,035,4,100,0100070026016,0,853,303,2000,0,0,0,25_C_4_100_20240301111136_0_P.csv,2024-02-01,1
25,2019010282891,2019010282891,035,4,898,2019010282891,0,035,898 ,5000,0,0,0,25_C_4_898_20240314155309_0_P.csv,2024-02-06,1
25,2021502612561,2021502612561,035,4,180,2021502612561,0,036,433,2500,0,0,0,25_C_4_180_20240301115032_0_P.csv,2024-02-01,1
25,2023502672116,2023502672116,035,4,251,2023502672116,0,864,42,5000,0,0,0,25_C_4_251_20240301151525_0_P.csv,2024-02-02,1
25,2012502226607,2012502226607,035,4,499,2012502226607,0,038,2500,2800,0,0,0,25_C_4_499_20240306133731_0_P.csv,2024-02-04,1
25,2022502642986,2022502642986,035,4,251,2022502642986,0,328,90,500,0,0,0,25_C_4_251_20240301151525_0_P.csv,2024-02-02,1
25,2019502540787,2019502540787,035,4,100,2019502540787,0,034,36,3000,0,0,0,25_C_4_100_20240301111136_0_P.csv,2024-02-01,1
25,2022502639590,2022502639590,035,4,251,2022502639590,0,328,90,500,0,0,0,25_C_4_251_20240301151525_0_P.csv,2024-02-02,1
25,2024072095948,2024072095948,035,4,100,2024072095948,0,005,255,5000,0,0,0,25_C_4_100_20240301111136_0_P.csv,2024-02-01,1
25,2022062111240,2022062111240,035,4,100,2022062111240,0,034,1,3000,0,0,0,25_C_4_100_20240301111136_0_P.csv,2024-02-01,1
25,2018502462368,2018502462368,035,4,180,2018502462368,0,022,612,1300,0,0,0,25_C_4_180_20240301115032_0_P.csv,2024-02-01,1
25,2017062057034,2017062057034,035,4,742,2017062057034,0,023,13,4000,0,0,0,25_C_4_742_20240314151458_0_P.csv,2024-02-06,1
25,2019302072336,2019302072336,035,4,881,2019302072336,0,023,5,3000,0,0,0,25_C_4_881_20240314153950_0_P.csv,2024-02-06,1
25,2014502306206,2014502306206,035,4,499,2014502306206,0,038,3,2000,0,0,0,25_C_4_499_20240306133731_0_P.csv,2024-02-04,1
25,2017032279270,2017032279270,035,4,742,2017032279270,0,034,104,5000,0,0,0,25_C_4_742_20240314151458_0_P.csv,2024-02-06,1
25,2024502686174,2024502686174,035,4,251,2024502686174,0,034,92,3000,0,0,0,25_C_4_251_20240301151525_0_P.csv,2024-02-02,1
25,2015102806221,2015102806221,035,4,687,2015102806221,0,034,131,5000,0,0,0,25_C_4_687_20240314141229_0_P.csv,2024-02-05,1
25,2021062098818,2021062098818,035,4,687,2021062098818,0,455,128,6500,0,0,0,25_C_4_687_20240314141229_0_P.csv,2024-02-05,1
25,2021502603410,2021502603410,035,4,499,2021502603410,0,005,74,1500,0,0,0,25_C_4_499_20240306133731_0_P.csv,2024-02-04,1
25,2022032493652,2022032493652,035,4,174,2022032493652,0,034,113,3000,0,0,0,25_C_4_174_20240301114220_0_P.csv,2024-02-01,1
25,2020502568234,2020502568234,035,4,100,2020502568234,0,864,1,1400,0,0,0,25_C_4_100_20240301111136_0_P.csv,2024-02-01,1
25,0180500065328,0180500065328,035,4,180,0180500065328,0,082,995,2000,0,0,0,25_C_4_180_20240301115032_0_P.csv,2024-02-01,1
25,2018502483662,2018502483662,035,4,180,2018502483662,0,013,2303,1000,0,0,0,25_C_4_180_20240301115032_0_P.csv,2024-02-01,1
25,2014502286201,2014502286201,035,4,180,2014502286201,0,038,213,4500,0,0,0,25_C_4_180_20240301115032_0_P.csv,2024-02-01,1
25,2021502613010,2021502613010,035,4,251,2021502613010,0,864,42,2000,0,0,1500,25_C_4_251_20240301151525_0_P.csv,2024-02-02,1
25,2021502617122,2021502617122,035,4,180,2021502617122,0,014,912,2500,0,0,0,25_C_4_180_20240301115032_0_P.csv,2024-02-01,1
25,2020010241813,2020010241813,035,4,898,2020010241813,0,035,891 ,5000,0,0,0,25_C_4_898_20240314155309_0_P.csv,2024-02-06,1
25,2023502682822,2023502682822,035,4,180,2023502682822,0,455,316,5000,0,0,0,25_C_4_180_20240301115032_0_P.csv,2024-02-01,1
25,2014032192195,2014032192195,035,4,174,2014032192195,0,034,36,2500,0,0,0,25_C_4_174_20240301114220_0_P.csv,2024-02-01,1
25,2021502607429,2021502607429,035,4,499,2021502607429,0,005,74,1500,0,0,0,25_C_4_499_20240306133731_0_P.csv,2024-02-04,1
25,2018502493232,2018502493232,035,4,251,2018502493232,0,455,269,4000,0,1200,1200,25_C_4_251_20240301151525_0_P.csv,2024-02-02,1
25,2020502597993,2020502597993,035,4,100,2020502597993,0,034,7,4000,0,0,0,25_C_4_100_20240301111136_0_P.csv,2024-02-01,1
25,2012010287061,2012010287061,035,4,854,2012010287061,0,082,18 ,5000,0,0,0,25_C_4_854_20240314151459_0_P.csv,2024-02-06,1
25,2019502535463,2019502535463,035,4,817,2019502535463,0,034,1,2500,0,0,0,25_C_4_817_20240314155811_0_P.csv,2024-02-06,1
25,2013062034146,2013062034146,035,4,180,2013062034146,0,328,611,1000,0,0,0,25_C_4_180_20240301115032_0_P.csv,2024-02-01,1
25,2020502592564,2020502592564,035,4,180,2020502592564,0,328,454,2500,0,0,0,25_C_4_180_20240301115032_0_P.csv,2024-02-01,1
25,2017072047288,2017072047288,035,4,100,2017072047288,0,003,76,1500,0,0,0,25_C_4_100_20240301111136_0_P.csv,2024-02-01,1
25,2018010312549,2018010312549,035,4,898,2018010312549,0,035,898 ,5000,0,0,0,25_C_4_898_20240314155309_0_P.csv,2024-02-06,1
25,2022015001553,2022015001553,035,4,898,2022015001553,0,035,891 ,5000,0,0,0,25_C_4_898_20240314155309_0_P.csv,2024-02-06,1
25,2023062114102,2023062114102,035,4,742,2023062114102,0,023,13,4000,0,0,0,25_C_4_742_20240314151458_0_P.csv,2024-02-06,1
25,2019502520764,2019502520764,035,4,251,2019502520764,0,455,89,3000,0,1850,1850,25_C_4_251_20240301151525_0_P.csv,2024-02-02,1
25,2013032173426,2013032173426,035,4,817,2013032173426,0,082,1,5000,0,1000,0,25_C_4_817_20240314155811_0_P.csv,2024-02-06,1
25,2018103108526,2018103108526,035,4,751,2018103108526,0,082,179,2000,0,0,0,25_C_4_751_20240314153454_0_P.csv,2024-02-06,1
25,2020502599754,2020502599754,035,4,100,2020502599754,0,034,3,4000,0,0,0,25_C_4_100_20240301111136_0_P.csv,2024-02-01,1
25,2013062034952,2013062034952,035,4,499,2013062034952,0,005,2500,4000,0,0,0,25_C_4_499_20240306133731_0_P.csv,2024-02-04,1
25,2011502178320,2011502178320,035,4,636,2011502178320,0,057,44,3000,0,0,0,25_C_4_636_20240314144430_0_P.csv,2024-02-05,1
25,2019502514366,2019502514366,035,4,180,2019502514366,0,014,912,1500,0,0,0,25_C_4_180_20240301115032_0_P.csv,2024-02-01,1
25,2011502173026,2011502173026,035,4,687,2011502173026,0,034,140,2000,0,0,0,25_C_4_687_20240314141229_0_P.csv,2024-02-05,1
25,2013102677558,2013102677558,035,4,385,2013102677558,0,034,27,3500,0,0,0,25_C_4_385_20240306130345_0_P.csv,2024-02-03,1
25,2014102715043,2014102715043,035,4,535,2014102715043,0,864,206,1500,0,0,0,25_C_4_535_20240314135934_0_P.csv,2024-02-04,1
25,2024502686121,2024502686121,035,4,445,2024502686121,0,023,332,4000,0,0,0,25_C_4_445_20240306132045_0_P.csv,2024-02-03,1
25,0207100132661,0207100132661,035,4,207,0207100132661,0,003,447,1900,0,1000,1000,25_C_4_207_20240301121236_0_P.csv,2024-02-01,1
25,2021502618440,2021502618440,035,4,251,2021502618440,0,023,111,1000,0,1500,1500,25_C_4_251_20240301151525_0_P.csv,2024-02-02,1
25,2022502657094,2022502657094,035,4,742,2022502657094,0,005,8,2000,0,0,0,25_C_4_742_20240314151458_0_P.csv,2024-02-06,1
25,2016102975223,2016102975223,035,4,575,2016102975223,0,034,256,4000,0,0,0,25_C_4_575_20240314141415_0_P.csv,2024-02-04,1
25,2017072047542,2017072047542,035,4,299,2017072047542,0,034,82,2000,0,0,0,25_C_4_299_20240306125600_0_P.csv,2024-02-02,1
25,2014102791337,2014102791337,035,4,378,2014102791337,0,014,3,2000,0,1000,1000,25_C_4_378_20240306125646_0_P.csv,2024-02-03,1
25,2015502366932,2015502366932,035,4,260,2015502366932,0,328,512,2000,0,0,0,25_C_4_260_20240301151751_0_P.csv,2024-02-02,1
25,2009032058790,2009032058790,035,4,460,2009032058790,0,034,32,5000,0,0,0,25_C_4_460_20240306132550_0_P.csv,2024-02-03,1
25,2017502426200,2017502426200,035,4,750,2017502426200,0,013,1,2000,0,0,0,25_C_4_750_20240314153132_0_P.csv,2024-02-06,1
25,2021502611220,2021502611220,035,4,499,2021502611220,0,014,60,2000,0,0,0,25_C_4_499_20240306133731_0_P.csv,2024-02-04,1
25,2018502491968,2018502491968,035,4,251,2018502491968,0,455,269,3000,0,1200,1200,25_C_4_251_20240301151525_0_P.csv,2024-02-02,1
25,2017032302792,2017032302792,035,4,100,2017032302792,0,022,22,3300,0,0,0,25_C_4_100_20240301111136_0_P.csv,2024-02-01,1
25,2011502173481,2011502173481,035,4,687,2011502173481,0,034,140,2000,0,0,0,25_C_4_687_20240314141229_0_P.csv,2024-02-05,1
25,2019502522566,2019502522566,035,4,180,2019502522566,0,036,2302,2500,0,0,0,25_C_4_180_20240301115032_0_P.csv,2024-02-01,1
25,0499500050231,0499500050231,035,4,499,0499500050231,0,003,2500,3000,0,0,0,25_C_4_499_20240306133731_0_P.csv,2024-02-04,1
25,2021032470219,2021032470219,035,4,890,2021032470219,0,035,72,3333,0,0,0,25_C_4_890_20240314154352_0_P.csv,2024-02-06,1
25,2024053106115,2024053106115,035,4,238,2024053106115,0,035,86,5000,0,0,0,25_C_4_238_20240301121825_0_P.csv,2024-02-01,1
25,2017502427446,2017502427446,035,4,180,2017502427446,0,014,1612,2000,0,0,0,25_C_4_180_20240301115032_0_P.csv,2024-02-01,1
25,2020502565817,2020502565817,035,4,180,2020502565817,0,328,454,2500,0,0,0,25_C_4_180_20240301115032_0_P.csv,2024-02-01,1
25,2012502240781,2012502240781,035,4,100,2012502240781,0,022,1,1000,0,0,0,25_C_4_100_20240301111136_0_P.csv,2024-02-01,1
25,2021502611821,2021502611821,035,4,180,2021502611821,0,014,912,2500,0,0,0,25_C_4_180_20240301115032_0_P.csv,2024-02-01,1
25,2023502672897,2023502672897,035,4,251,2023502672897,0,013,515,1500,0,0,0,25_C_4_251_20240301151525_0_P.csv,2024-02-02,1
25,0100070026015,0100070026015,035,4,100,0100070026015,0,853,2500,2000,0,0,0,25_C_4_100_20240301111136_0_P.csv,2024-02-01,1
25,2023010019706,2023010019706,035,4,898,2023010019706,0,035,891 ,5000,0,0,0,25_C_4_898_20240314155309_0_P.csv,2024-02-06,1
25,2014502294003,2014502294003,035,4,180,2014502294003,0,038,213,4500,0,0,0,25_C_4_180_20240301115032_0_P.csv,2024-02-01,1
25,2019010245405,2019010245405,035,4,891,2019010245405,0,035,17 ,5000,0,0,0,25_C_4_891_20240314154652_0_P.csv,2024-02-06,1
25,2017032290219,2017032290219,035,4,603,2017032290219,0,005,6,4000,0,0,0,25_C_4_603_20240314142050_0_P.csv,2024-02-04,1
25,2020502550833,2020502550833,035,4,251,2020502550833,0,455,89,3500,0,0,0,25_C_4_251_20240301151525_0_P.csv,2024-02-02,1
25,2019502537214,2019502537214,035,4,100,2019502537214,0,023,118,5000,0,0,0,25_C_4_100_20240301111136_0_P.csv,2024-02-01,1
25,2010102195525,2010102195525,035,4,180,2010102195525,0,005,304,5000,0,0,0,25_C_4_180_20240301115032_0_P.csv,2024-02-01,1
25,2011302028102,2011302028102,035,4,328,2011302028102,0,284,9,4000,0,0,0,25_C_4_328_20240306132609_0_P.csv,2024-02-02,1
25,2023502682336,2023502682336,035,4,100,2023502682336,0,034,7,1000,0,0,0,25_C_4_100_20240301111136_0_P.csv,2024-02-01,1
25,0100050010858,0100050010858,035,4,100,0100050010858,0,133,2500,2000,0,0,0,25_C_4_100_20240301111136_0_P.csv,2024-02-01,1
25,2018502494510,2018502494510,035,4,180,2018502494510,0,036,2302,2500,0,0,0,25_C_4_180_20240301115032_0_P.csv,2024-02-01,1
25,2010102192978,2010102192978,035,4,573,2010102192978,0,003,28,3000,0,900,900,25_C_4_573_20240314141150_0_P.csv,2024-02-04,1
25,2014102684085,2014102684085,035,4,180,2014102684085,0,034,374,3000,0,0,0,25_C_4_180_20240301115032_0_P.csv,2024-02-01,1
25,2018502486303,2018502486303,035,4,180,2018502486303,0,023,2301,2500,0,0,0,25_C_4_180_20240301115032_0_P.csv,2024-02-01,1
25,2014102780031,2014102780031,035,4,460,2014102780031,0,023,4,5000,0,0,0,25_C_4_460_20240306132550_0_P.csv,2024-02-03,1
25,2019502539595,2019502539595,035,4,499,2019502539595,0,057,82,2500,0,0,0,25_C_4_499_20240306133731_0_P.csv,2024-02-04,1
25,2021502616055,2021502616055,035,4,251,2021502616055,0,023,111,1000,0,1500,1500,25_C_4_251_20240301151525_0_P.csv,2024-02-02,1
25,2019010284861,2019010284861,035,4,898,2019010284861,0,035,898 ,5000,0,0,0,25_C_4_898_20240314155309_0_P.csv,2024-02-06,1
25,0254100094818,0254100094818,035,4,254,0254100094818,0,003,147,2000,0,0,0,25_C_4_254_20240301150457_0_P.csv,2024-02-02,1
25,2011502155300,2011502155300,035,4,687,2011502155300,0,086,138,700,0,0,0,25_C_4_687_20240314141229_0_P.csv,2024-02-05,1
25,2019072052496,2019072052496,035,4,100,2019072052496,0,003,3,1500,0,0,0,25_C_4_100_20240301111136_0_P.csv,2024-02-01,1
25,0301050009881,0301050009881,035,4,301,0301050009881,0,023,36,3000,0,800,800,25_C_4_301_20240306130241_0_P.csv,2024-02-02,1
25,2019502506511,2019502506511,035,4,180,2019502506511,0,014,912,1500,0,0,0,25_C_4_180_20240301115032_0_P.csv,2024-02-01,1
25,2021502609842,2021502609842,035,4,180,2021502609842,0,014,912,2500,0,0,0,25_C_4_180_20240301115032_0_P.csv,2024-02-01,1
25,2021062105952,2021062105952,035,4,180,2021062105952,0,036,433,2500,0,0,0,25_C_4_180_20240301115032_0_P.csv,2024-02-01,1
25,2008102052957,2008102052957,035,4,715,2008102052957,0,018,5,2500,0,0,0,25_C_4_715_20240314145040_0_P.csv,2024-02-05,1
25,2015102864690,2015102864690,035,4,301,2015102864690,0,032,40,4000,0,0,0,25_C_4_301_20240306130241_0_P.csv,2024-02-02,1
25,2019502541016,2019502541016,035,4,499,2019502541016,0,057,82,2500,0,0,0,25_C_4_499_20240306133731_0_P.csv,2024-02-04,1
25,2014502318611,2014502318611,035,4,100,2014502318611,0,864,1,2000,0,0,0,25_C_4_100_20240301111136_0_P.csv,2024-02-01,1
25,2021502616891,2021502616891,035,4,251,2021502616891,0,864,42,2000,0,1500,1500,25_C_4_251_20240301151525_0_P.csv,2024-02-02,1
25,2023502663463,2023502663463,035,4,180,2023502663463,0,455,316,5000,0,0,0,25_C_4_180_20240301115032_0_P.csv,2024-02-01,1
25,2020502592594,2020502592594,035,4,499,2020502592594,0,005,74,1500,0,0,0,25_C_4_499_20240306133731_0_P.csv,2024-02-04,1
25,0100100016675,0100100016675,035,4,100,0100100016675,0,034,7,5000,0,0,0,25_C_4_100_20240301111136_0_P.csv,2024-02-01,1
25,2024072095950,2024072095950,035,4,100,2024072095950,0,005,10,5000,0,0,0,25_C_4_100_20240301111136_0_P.csv,2024-02-01,1
25,2023502664457,2023502664457,035,4,499,2023502664457,0,864,88,1000,0,0,0,25_C_4_499_20240306133731_0_P.csv,2024-02-04,1
25,2011102452371,2011102452371,035,4,260,2011102452371,0,082,183,1420,0,1700,1700,25_C_4_260_20240301151751_0_P.csv,2024-02-02,1
25,2016502383258,2016502383258,035,4,180,2016502383258,0,455,316,2000,0,0,0,25_C_4_180_20240301115032_0_P.csv,2024-02-01,1
25,2022010007668,2022010007668,035,4,891,2022010007668,0,035,891 ,5000,0,0,0,25_C_4_891_20240314154652_0_P.csv,2024-02-06,1
25,2018502484344,2018502484344,035,4,180,2018502484344,0,014,912,1500,0,0,0,25_C_4_180_20240301115032_0_P.csv,2024-02-01,1
25,0100030008755,0100030008755,035,4,100,0100030008755,0,035,35,2500,0,0,0,25_C_4_100_20240301111136_0_P.csv,2024-02-01,1
25,2020052946461,2020052946461,035,4,100,2020052946461,0,480,480,4600,0,0,0,25_C_4_100_20240301111136_0_P.csv,2024-02-01,1
25,0800100014267,0800100014267,035,4,800,0800100014267,0,004,436,2500,0,800,800,25_C_4_800_20240314154059_0_P.csv,2024-02-06,1
25,0654500006673,0654500006673,035,4,654,0654500006673,0,023,2010,4000,0,0,0,25_C_4_654_20240314135712_0_P.csv,2024-02-05,1
25,2019502503065,2019502503065,035,4,499,2019502503065,0,005,74,2000,0,0,0,25_C_4_499_20240306133731_0_P.csv,2024-02-04,1
25,2023072095577,2023072095577,035,4,219,2023072095577,0,038,1,2000,0,0,0,25_C_4_219_20240301120717_0_P.csv,2024-02-01,1
25,2021502612994,2021502612994,035,4,251,2021502612994,0,023,111,1000,0,0,1500,25_C_4_251_20240301151525_0_P.csv,2024-02-02,1
25,2021502613031,2021502613031,035,4,251,2021502613031,0,023,111,1000,0,0,1500,25_C_4_251_20240301151525_0_P.csv,2024-02-02,1
25,2023502674263,2023502674263,035,4,253,2023502674263,0,034,650,3000,0,0,0,25_C_4_253_20240301150036_0_P.csv,2024-02-02,1
25,2019502533029,2019502533029,035,4,499,2019502533029,0,005,75,2000,0,0,0,25_C_4_499_20240306133731_0_P.csv,2024-02-04,1
25,2016062052516,2016062052516,035,4,742,2016062052516,0,023,13,4000,0,0,0,25_C_4_742_20240314151458_0_P.csv,2024-02-06,1
25,2017502424423,2017502424423,035,4,100,2017502424423,0,034,7,1000,0,0,0,25_C_4_100_20240301111136_0_P.csv,2024-02-01,1
25,0485800004106,0485800004106,035,4,485,0485800004106,0,003,16,3000,0,0,0,25_C_4_485_20240306133415_0_P.csv,2024-02-04,1
25,2022103498502,2022103498502,035,4,174,2022103498502,0,005,235,5000,0,0,0,25_C_4_174_20240301114220_0_P.csv,2024-02-01,1
25,0600100028706,0600100028706,035,4,600,0600100028706,0,003,15,5000,0,0,700,25_C_4_600_20240314141812_0_P.csv,2024-02-04,1
25,2019052865782,2019052865782,035,4,299,2019052865782,0,637,637,3000,0,0,0,25_C_4_299_20240306125600_0_P.csv,2024-02-02,1
25,2021062100123,2021062100123,035,4,251,2021062100123,0,455,89,3000,0,0,0,25_C_4_251_20240301151525_0_P.csv,2024-02-02,1
25,2022062110348,2022062110348,035,4,100,2022062110348,0,034,1,3000,0,0,0,25_C_4_100_20240301111136_0_P.csv,2024-02-01,1
25,2022103480903,2022103480903,035,4,174,2022103480903,0,005,235,5000,0,0,0,25_C_4_174_20240301114220_0_P.csv,2024-02-01,1
25,2012502204621,2012502204621,035,4,687,2012502204621,0,083,128,1330,0,0,0,25_C_4_687_20240314141229_0_P.csv,2024-02-05,1
25,2021052957691,2021052957691,035,4,299,2021052957691,0,E45,347,2000,0,0,0,25_C_4_299_20240306125600_0_P.csv,2024-02-02,1
25,2018103099672,2018103099672,035,4,100,2018103099672,0,019,19,4000,0,0,0,25_C_4_100_20240301111136_0_P.csv,2024-02-01,1
25,2020502592241,2020502592241,035,4,499,2020502592241,0,014,60,2000,0,0,0,25_C_4_499_20240306133731_0_P.csv,2024-02-04,1
25,2021502623943,2021502623943,035,4,499,2021502623943,0,014,60,2000,0,0,0,25_C_4_499_20240306133731_0_P.csv,2024-02-04,1
25,2011502169048,2011502169048,035,4,180,2011502169048,0,004,423,2500,0,0,0,25_C_4_180_20240301115032_0_P.csv,2024-02-01,1
25,2014502304164,2014502304164,035,4,180,2014502304164,0,038,213,3000,0,0,0,25_C_4_180_20240301115032_0_P.csv,2024-02-01,1
25,2019502531906,2019502531906,035,4,100,2019502531906,0,034,36,3000,0,0,0,25_C_4_100_20240301111136_0_P.csv,2024-02-01,1
25,2021302104507,2021302104507,035,4,575,2021302104507,0,023,272,4000,0,0,0,25_C_4_575_20240314141415_0_P.csv,2024-02-04,1
25,2020052892676,2020052892676,035,4,699,2020052892676,0,621,1,4000,0,0,0,25_C_4_699_20240314142137_0_P.csv,2024-02-05,1
25,2019010282886,2019010282886,035,4,898,2019010282886,0,035,891 ,5000,0,0,0,25_C_4_898_20240314155309_0_P.csv,2024-02-06,1
25,2020010189665,2020010189665,035,4,891,2020010189665,0,035,17 ,5000,0,0,0,25_C_4_891_20240314154652_0_P.csv,2024-02-06,1
25,2021502606904,2021502606904,035,4,251,2021502606904,0,864,42,5000,0,0,0,25_C_4_251_20240301151525_0_P.csv,2024-02-02,1
25,2011502173454,2011502173454,035,4,687,2011502173454,0,034,140,2000,0,0,0,25_C_4_687_20240314141229_0_P.csv,2024-02-05,1
25,2017103064607,2017103064607,035,4,100,2017103064607,0,034,3,3000,0,0,0,25_C_4_100_20240301111136_0_P.csv,2024-02-01,1
25,2019103183394,2019103183394,035,4,499,2019103183394,0,014,57,4000,0,0,0,25_C_4_499_20240306133731_0_P.csv,2024-02-04,1
25,2018502478396,2018502478396,035,4,100,2018502478396,0,455,69,5000,0,0,0,25_C_4_100_20240301111136_0_P.csv,2024-02-01,1
25,2020072074856,2020072074856,035,4,100,2020072074856,0,005,94,1500,0,0,0,25_C_4_100_20240301111136_0_P.csv,2024-02-01,1
25,2019502511902,2019502511902,035,4,499,2019502511902,0,057,75,2000,0,0,0,25_C_4_499_20240306133731_0_P.csv,2024-02-04,1
25,2013102580986,2013102580986,035,4,180,2013102580986,0,038,500,5000,0,0,0,25_C_4_180_20240301115032_0_P.csv,2024-02-01,1
25,2018062065626,2018062065626,035,4,100,2018062065626,0,034,7,2000,0,0,0,25_C_4_100_20240301111136_0_P.csv,2024-02-01,1
25,2012502199440,2012502199440,035,4,687,2012502199440,0,034,140,2000,0,0,0,25_C_4_687_20240314141229_0_P.csv,2024-02-05,1
25,2022502650354,2022502650354,035,4,180,2022502650354,0,014,912,2500,0,0,0,25_C_4_180_20240301115032_0_P.csv,2024-02-01,1
25,2023502681961,2023502681961,035,4,603,2023502681961,0,023,1125,9000,0,0,0,25_C_4_603_20240314142050_0_P.csv,2024-02-04,1
25,2021502615430,2021502615430,035,4,251,2021502615430,0,864,42,2000,0,0,1500,25_C_4_251_20240301151525_0_P.csv,2024-02-02,1
25,2023010317249,2023010317249,035,4,898,2023010317249,0,035,891 ,5000,0,0,0,25_C_4_898_20240314155309_0_P.csv,2024-02-06,1
25,0122080001133,0122080001133,035,4,122,0122080001133,0,003,8,3000,0,0,0,25_C_4_122_20240301112716_0_P.csv,2024-02-01,1
25,2018103089860,2018103089860,035,4,744,2018103089860,0,007,53,3000,0,0,0,25_C_4_744_20240314152042_0_P.csv,2024-02-06,1
25,2012010611941,2012010611941,035,4,609,2012010611941,0,035,609 ,5300,0,0,0,25_C_4_609_20240314142847_0_P.csv,2024-02-04,1
25,2020502593118,2020502593118,035,4,499,2020502593118,0,005,74,1500,0,0,0,25_C_4_499_20240306133731_0_P.csv,2024-02-04,1
25,2014502323335,2014502323335,035,4,499,2014502323335,0,014,29,1000,0,0,0,25_C_4_499_20240306133731_0_P.csv,2024-02-04,1
25,2011502173475,2011502173475,035,4,687,2011502173475,0,004,119,1500,0,0,0,25_C_4_687_20240314141229_0_P.csv,2024-02-05,1
25,2019502522937,2019502522937,035,4,251,2019502522937,0,328,90,2000,0,1300,1300,25_C_4_251_20240301151525_0_P.csv,2024-02-02,1
25,2018010312585,2018010312585,035,4,898,2018010312585,0,035,898 ,5000,0,0,0,25_C_4_898_20240314155309_0_P.csv,2024-02-06,1
25,2020502598583,2020502598583,035,4,499,2020502598583,0,005,74,2000,0,0,0,25_C_4_499_20240306133731_0_P.csv,2024-02-04,1
25,2019502541729,2019502541729,035,4,251,2019502541729,0,328,90,2000,0,1300,1300,25_C_4_251_20240301151525_0_P.csv,2024-02-02,1
25,2009802024310,2009802024310,035,4,575,2009802024310,0,003,-,4000,0,0,0,25_C_4_575_20240314141415_0_P.csv,2024-02-04,1
25,2020062075309,2020062075309,035,4,742,2020062075309,0,023,13,4000,0,0,0,25_C_4_742_20240314151458_0_P.csv,2024-02-06,1
25,2013102655771,2013102655771,035,4,385,2013102655771,0,034,27,5000,0,0,0,25_C_4_385_20240306130345_0_P.csv,2024-02-03,1
25,2023502679670,2023502679670,035,4,100,2023502679670,0,816,1,2000,0,0,0,25_C_4_100_20240301111136_0_P.csv,2024-02-01,1
25,2023010002846,2023010002846,035,4,891,2023010002846,0,035,891 ,5000,0,0,0,25_C_4_891_20240314154652_0_P.csv,2024-02-06,1
25,2018502495670,2018502495670,035,4,180,2018502495670,0,014,912,1500,0,0,0,25_C_4_180_20240301115032_0_P.csv,2024-02-01,1
25,2019502540670,2019502540670,035,4,180,2019502540670,0,036,2302,2500,0,0,0,25_C_4_180_20240301115032_0_P.csv,2024-02-01,1
25,0699050011300,0699050011300,035,4,699,0699050011300,0,034,82,3400,0,0,0,25_C_4_699_20240314142137_0_P.csv,2024-02-05,1
25,2015062044821,2015062044821,035,4,180,2015062044821,0,864,911,2000,0,0,0,25_C_4_180_20240301115032_0_P.csv,2024-02-01,1
25,2016010125951,2016010125951,035,4,149,2016010125951,0,035,149 ,6000,0,0,0,25_C_4_149_20240301111837_0_P.csv,2024-02-01,1
25,2022502644227,2022502644227,035,4,251,2022502644227,0,013,515,1500,0,0,0,25_C_4_251_20240301151525_0_P.csv,2024-02-02,1
25,0133800104518,0133800104518,035,4,133,0133800104518,0,008,85,3000,0,0,0,25_C_4_133_20240301111358_0_P.csv,2024-02-01,1
25,2018502493175,2018502493175,035,4,180,2018502493175,0,014,912,4000,0,0,0,25_C_4_180_20240301115032_0_P.csv,2024-02-01,1
25,2019502541365,2019502541365,035,4,499,2019502541365,0,057,82,2500,0,0,0,25_C_4_499_20240306133731_0_P.csv,2024-02-04,1
25,2017502437507,2017502437507,035,4,180,2017502437507,0,014,912,4000,0,0,0,25_C_4_180_20240301115032_0_P.csv,2024-02-01,1
25,2011502169987,2011502169987,035,4,180,2011502169987,0,455,455,2500,0,0,0,25_C_4_180_20240301115032_0_P.csv,2024-02-01,1
25,2023072093831,2023072093831,035,4,100,2023072093831,0,005,94,1500,0,0,0,25_C_4_100_20240301111136_0_P.csv,2024-02-01,1
25,2020502591125,2020502591125,035,4,251,2020502591125,0,455,89,1400,0,0,0,25_C_4_251_20240301151525_0_P.csv,2024-02-02,1
25,2018010312401,2018010312401,035,4,898,2018010312401,0,035,898 ,5000,0,0,0,25_C_4_898_20240314155309_0_P.csv,2024-02-06,1
25,2016032252750,2016032252750,035,4,633,2016032252750,0,014,-,5000,0,0,0,25_C_4_633_20240314144221_0_P.csv,2024-02-05,1
25,2020502599530,2020502599530,035,4,100,2020502599530,0,034,7,4000,0,0,0,25_C_4_100_20240301111136_0_P.csv,2024-02-01,1
25,2021062100041,2021062100041,035,4,100,2021062100041,0,034,7,2000,0,0,0,25_C_4_100_20240301111136_0_P.csv,2024-02-01,1
25,2012502214537,2012502214537,035,4,687,2012502214537,0,086,93,170,0,0,0,25_C_4_687_20240314141229_0_P.csv,2024-02-05,1
25,2021502616931,2021502616931,035,4,180,2021502616931,0,036,433,2500,0,0,0,25_C_4_180_20240301115032_0_P.csv,2024-02-01,1
25,2013102630585,2013102630585,035,4,174,2013102630585,0,005,131,5000,0,0,0,25_C_4_174_20240301114220_0_P.csv,2024-02-01,1
25,2019072052973,2019072052973,035,4,253,2019072052973,0,003,639,2000,0,1200,1200,25_C_4_253_20240301150036_0_P.csv,2024-02-02,1
25,2019502502441,2019502502441,035,4,251,2019502502441,0,455,269,4000,0,1200,1200,25_C_4_251_20240301151525_0_P.csv,2024-02-02,1
25,2018502487734,2018502487734,035,4,180,2018502487734,0,014,912,1500,0,0,0,25_C_4_180_20240301115032_0_P.csv,2024-02-01,1
25,2010102251011,2010102251011,035,4,299,2010102251011,0,035,1,2500,0,0,0,25_C_4_299_20240306125600_0_P.csv,2024-02-02,1
25,2019502536303,2019502536303,035,4,180,2019502536303,0,023,416,3000,0,0,0,25_C_4_180_20240301115032_0_P.csv,2024-02-01,1
25,2021502623682,2021502623682,035,4,251,2021502623682,0,034,92,3000,0,0,0,25_C_4_251_20240301151525_0_P.csv,2024-02-02,1
25,2017502443776,2017502443776,035,4,180,2017502443776,0,455,316,2500,0,0,0,25_C_4_180_20240301115032_0_P.csv,2024-02-01,1
25,2019502517632,2019502517632,035,4,100,2019502517632,0,034,36,3000,0,0,0,25_C_4_100_20240301111136_0_P.csv,2024-02-01,1
25,2018502489736,2018502489736,035,4,180,2018502489736,0,036,2302,2500,0,0,0,25_C_4_180_20240301115032_0_P.csv,2024-02-01,1
25,2021502611653,2021502611653,035,4,499,2021502611653,0,005,74,1500,0,0,0,25_C_4_499_20240306133731_0_P.csv,2024-02-04,1
25,0251050033460,0251050033460,035,4,251,0251050033460,0,039,941,4500,0,0,0,25_C_4_251_20240301151525_0_P.csv,2024-02-02,1
25,2012502237201,2012502237201,035,4,257,2012502237201,0,023,393,600,0,0,0,25_C_4_257_20240301150945_0_P.csv,2024-02-02,1
25,2021502606309,2021502606309,035,4,251,2021502606309,0,023,111,4000,0,1500,1500,25_C_4_251_20240301151525_0_P.csv,2024-02-02,1
25,2013010219389,2013010219389,035,4,891,2013010219389,0,082,1639 ,500,0,0,0,25_C_4_891_20240314154652_0_P.csv,2024-02-06,1
25,2011102342915,2011102342915,035,4,100,2011102342915,0,035,35,2500,0,0,0,25_C_4_100_20240301111136_0_P.csv,2024-02-01,1
25,0881500011597,0881500011597,035,4,881,0881500011597,0,034,212,4000,0,0,0,25_C_4_881_20240314153950_0_P.csv,2024-02-06,1
25,2019502521831,2019502521831,035,4,251,2019502521831,0,455,89,3000,0,1850,1850,25_C_4_251_20240301151525_0_P.csv,2024-02-02,1
25,2011102450004,2011102450004,035,4,100,2011102450004,0,034,2,2500,0,0,0,25_C_4_100_20240301111136_0_P.csv,2024-02-01,1
25,2019502505642,2019502505642,035,4,100,2019502505642,0,034,36,3000,0,0,0,25_C_4_100_20240301111136_0_P.csv,2024-02-01,1
25,2018502495748,2018502495748,035,4,251,2018502495748,0,455,269,4000,0,1200,1200,25_C_4_251_20240301151525_0_P.csv,2024-02-02,1
25,2023502669697,2023502669697,035,4,257,2023502669697,0,023,295,9000,0,0,0,25_C_4_257_20240301150945_0_P.csv,2024-02-02,1
25,2018502463497,2018502463497,035,4,180,2018502463497,0,023,2301,1000,0,0,0,25_C_4_180_20240301115032_0_P.csv,2024-02-01,1
25,0254070010306,0254070010306,035,4,254,0254070010306,0,003,147,2000,0,0,0,25_C_4_254_20240301150457_0_P.csv,2024-02-02,1
25,2016102892898,2016102892898,035,4,649,2016102892898,0,003,63,2100,0,0,0,25_C_4_649_20240314135303_0_P.csv,2024-02-05,1
25,2023053056643,2023053056643,035,4,299,2023053056643,0,637,637,3000,0,0,0,25_C_4_299_20240306125600_0_P.csv,2024-02-02,1
25,2020103253478,2020103253478,035,4,354,2020103253478,0,005,102,3000,0,1000,1000,25_C_4_354_20240306135209_0_P.csv,2024-02-03,1
25,2015502371981,2015502371981,035,4,100,2015502371981,0,864,2,1400,0,0,0,25_C_4_100_20240301111136_0_P.csv,2024-02-01,1
25,2018502465227,2018502465227,035,4,499,2018502465227,0,014,29,1000,0,0,0,25_C_4_499_20240306133731_0_P.csv,2024-02-04,1
25,2020502567043,2020502567043,035,4,251,2020502567043,0,455,89,1400,0,0,0,25_C_4_251_20240301151525_0_P.csv,2024-02-02,1
25,2021502611218,2021502611218,035,4,180,2021502611218,0,036,433,2500,0,0,0,25_C_4_180_20240301115032_0_P.csv,2024-02-01,1
25,2021502611983,2021502611983,035,4,401,2021502611983,0,023,213,9000,0,0,0,25_C_4_401_20240306130805_0_P.csv,2024-02-03,1
25,2013502253414,2013502253414,035,4,687,2013502253414,0,004,61,3000,0,0,0,25_C_4_687_20240314141229_0_P.csv,2024-02-05,1
25,2010052147529,2010052147529,035,4,253,2010052147529,0,019,550,1500,0,0,0,25_C_4_253_20240301150036_0_P.csv,2024-02-02,1
25,2018502493958,2018502493958,035,4,251,2018502493958,0,034,850,1500,0,960,960,25_C_4_251_20240301151525_0_P.csv,2024-02-02,1
25,2023502667289,2023502667289,035,4,251,2023502667289,0,864,42,2875,0,0,0,25_C_4_251_20240301151525_0_P.csv,2024-02-02,1
25,2018103073634,2018103073634,035,4,407,2018103073634,0,005,83,3000,0,0,0,25_C_4_407_20240306131500_0_P.csv,2024-02-03,1
25,2017502435264,2017502435264,035,4,251,2017502435264,0,864,949,5000,0,1000,1000,25_C_4_251_20240301151525_0_P.csv,2024-02-02,1
25,2020052891553,2020052891553,035,4,299,2020052891553,0,E45,347,2000,0,0,0,25_C_4_299_20240306125600_0_P.csv,2024-02-02,1
25,2009302016421,2009302016421,035,4,328,2009302016421,0,175,8,2000,0,0,0,25_C_4_328_20240306132609_0_P.csv,2024-02-02,1
25,0618050003332,0618050003332,035,4,618,0618050003332,0,034,21,5000,0,0,0,25_C_4_618_20240314143332_0_P.csv,2024-02-04,1
25,0100100016441,0100100016441,035,4,100,0100100016441,0,013,13,2000,0,0,0,25_C_4_100_20240301111136_0_P.csv,2024-02-01,1
25,2019052865839,2019052865839,035,4,299,2019052865839,0,637,637,3000,0,0,0,25_C_4_299_20240306125600_0_P.csv,2024-02-02,1
25,2023053102029,2023053102029,035,4,100,2023053102029,0,035,249,5000,0,0,0,25_C_4_100_20240301111136_0_P.csv,2024-02-01,1
25,2021502616178,2021502616178,035,4,251,2021502616178,0,328,444,2000,0,0,0,25_C_4_251_20240301151525_0_P.csv,2024-02-02,1
25,2018502462335,2018502462335,035,4,180,2018502462335,0,455,316,3500,0,0,0,25_C_4_180_20240301115032_0_P.csv,2024-02-01,1
25,2021062098464,2021062098464,035,4,742,2021062098464,0,023,13,4000,0,0,0,25_C_4_742_20240314151458_0_P.csv,2024-02-06,1
25,2023502681082,2023502681082,035,4,253,2023502681082,0,013,655,1000,0,0,0,25_C_4_253_20240301150036_0_P.csv,2024-02-02,1
25,2019502540530,2019502540530,035,4,180,2019502540530,0,005,388,1000,0,0,0,25_C_4_180_20240301115032_0_P.csv,2024-02-01,1
25,2023502668689,2023502668689,035,4,251,2023502668689,0,034,92,2500,0,0,0,25_C_4_251_20240301151525_0_P.csv,2024-02-02,1
25,0251100095377,0251100095377,035,4,251,0251100095377,0,057,34,1000,0,0,0,25_C_4_251_20240301151525_0_P.csv,2024-02-02,1
25,2024502685821,2024502685821,035,4,253,2024502685821,0,455,652,4000,0,0,0,25_C_4_253_20240301150036_0_P.csv,2024-02-02,1
25,0251100095044,0251100095044,035,4,251,0251100095044,0,034,216,4000,0,0,0,25_C_4_251_20240301151525_0_P.csv,2024-02-02,1
25,2014102718894,2014102718894,035,4,385,2014102718894,0,082,27,8000,0,0,0,25_C_4_385_20240306130345_0_P.csv,2024-02-03,1
25,2018062063595,2018062063595,035,4,742,2018062063595,0,023,13,4000,0,0,0,25_C_4_742_20240314151458_0_P.csv,2024-02-06,1
25,2023502673483,2023502673483,035,4,253,2023502673483,0,023,651,2000,0,0,0,25_C_4_253_20240301150036_0_P.csv,2024-02-02,1
25,2021072079620,2021072079620,035,4,100,2021072079620,0,003,3,1500,0,0,0,25_C_4_100_20240301111136_0_P.csv,2024-02-01,1
25,2020502599735,2020502599735,035,4,817,2020502599735,0,014,40,2500,0,0,0,25_C_4_817_20240314155811_0_P.csv,2024-02-06,1
25,2021502622210,2021502622210,035,4,180,2021502622210,0,455,316,3500,0,0,0,25_C_4_180_20240301115032_0_P.csv,2024-02-01,1
25,2010102318375,2010102318375,035,4,174,2010102318375,0,005,235,5000,0,0,0,25_C_4_174_20240301114220_0_P.csv,2024-02-01,1
25,2019502500190,2019502500190,035,4,180,2019502500190,0,014,912,1500,0,0,0,25_C_4_180_20240301115032_0_P.csv,2024-02-01,1
25,2017052698174,2017052698174,035,4,891,2017052698174,0,035,17,5000,0,0,0,25_C_4_891_20240314154652_0_P.csv,2024-02-06,1
25,2024502685770,2024502685770,035,4,251,2024502685770,0,034,92,3000,0,0,0,25_C_4_251_20240301151525_0_P.csv,2024-02-02,1
25,2020052946465,2020052946465,035,4,100,2020052946465,0,480,480,4600,0,0,0,25_C_4_100_20240301111136_0_P.csv,2024-02-01,1
25,2014052538860,2014052538860,035,4,299,2014052538860,0,E45,347,4000,0,0,0,25_C_4_299_20240306125600_0_P.csv,2024-02-02,1
25,2020502568234,2020502568234,035,4,100,2020502568234,0,014,14,500,0,0,0,25_C_4_100_20240301111136_0_P.csv,2024-02-01,1
25,2019103173820,2019103173820,035,4,174,2019103173820,0,005,235,5000,0,0,0,25_C_4_174_20240301114220_0_P.csv,2024-02-01,1
25,2016072044748,2016072044748,035,4,100,2016072044748,0,864,40,2500,0,0,0,25_C_4_100_20240301111136_0_P.csv,2024-02-01,1
25,2011052315367,2011052315367,035,4,299,2011052315367,0,E45,347,2000,0,0,0,25_C_4_299_20240306125600_0_P.csv,2024-02-02,1
25,0499500050498,0499500050498,035,4,499,0499500050498,0,005,2500,2000,0,0,0,25_C_4_499_20240306133731_0_P.csv,2024-02-04,1
25,2014102684072,2014102684072,035,4,180,2014102684072,0,034,374,3000,0,0,0,25_C_4_180_20240301115032_0_P.csv,2024-02-01,1
25,2017802277463,2017802277463,035,4,238,2017802277463,0,864,85,4000,0,0,0,25_C_4_238_20240301121825_0_P.csv,2024-02-01,1
25,2023062120108,2023062120108,035,4,499,2023062120108,0,455,31,4000,0,0,0,25_C_4_499_20240306133731_0_P.csv,2024-02-04,1
25,2016502397202,2016502397202,035,4,180,2016502397202,0,014,912,1000,0,0,0,25_C_4_180_20240301115032_0_P.csv,2024-02-01,1
25,2020502596022,2020502596022,035,4,180,2020502596022,0,455,316,2500,0,0,0,25_C_4_180_20240301115032_0_P.csv,2024-02-01,1
25,0250500003895,0250500003895,035,4,250,0250500003895,0,004,26,1500,0,0,0,25_C_4_250_20240301151224_0_P.csv,2024-02-02,1
25,2023502682344,2023502682344,035,4,100,2023502682344,0,014,1,3000,0,0,0,25_C_4_100_20240301111136_0_P.csv,2024-02-01,1
25,2016072044546,2016072044546,035,4,100,2016072044546,0,003,50,1500,0,0,0,25_C_4_100_20240301111136_0_P.csv,2024-02-01,1
25,2023502673740,2023502673740,035,4,253,2023502673740,0,455,652,2000,0,0,0,25_C_4_253_20240301150036_0_P.csv,2024-02-02,1
25,2022302106597,2022302106597,035,4,299,2022302106597,0,864,40,5000,0,0,0,25_C_4_299_20240306125600_0_P.csv,2024-02-02,1
25,2010502127908,2010502127908,035,4,699,2010502127908,0,816,816,3000,0,0,0,25_C_4_699_20240314142137_0_P.csv,2024-02-05,1
25,2018072049954,2018072049954,035,4,100,2018072049954,0,003,3,1500,0,0,0,25_C_4_100_20240301111136_0_P.csv,2024-02-01,1
25,2017502435156,2017502435156,035,4,251,2017502435156,0,864,949,5000,0,1000,1000,25_C_4_251_20240301151525_0_P.csv,2024-02-02,1
25,2022502643493,2022502643493,035,4,130,2022502643493,0,057,562,1500,0,0,0,25_C_4_130_20240126150700_0_P.csv,2024-01-26,1
25,2022072080129,2022072080129,035,4,299,2022072080129,0,013,605,2500,0,0,0,25_C_4_299_20240306125600_0_P.csv,2024-02-02,1
25,2023502666676,2023502666676,035,4,180,2023502666676,0,455,316,5000,0,0,0,25_C_4_180_20240301115032_0_P.csv,2024-02-01,1
25,2019502503924,2019502503924,035,4,499,2019502503924,0,005,75,2000,0,0,0,25_C_4_499_20240306133731_0_P.csv,2024-02-04,1
25,2017103031169,2017103031169,035,4,499,2017103031169,0,864,47,4000,0,0,0,25_C_4_499_20240306133731_0_P.csv,2024-02-04,1
25,2021103416761,2021103416761,035,4,742,2021103416761,0,005,199,3000,0,0,0,25_C_4_742_20240314151458_0_P.csv,2024-02-06,1
25,2017010644570,2017010644570,035,4,890,2017010644570,0,035,890 ,3300,0,0,0,25_C_4_890_20240314154352_0_P.csv,2024-02-06,1
25,2021103420848,2021103420848,035,4,301,2021103420848,0,005,1,3000,0,0,0,25_C_4_301_20240306130241_0_P.csv,2024-02-02,1
25,2020010241908,2020010241908,035,4,898,2020010241908,0,035,891 ,5000,0,0,0,25_C_4_898_20240314155309_0_P.csv,2024-02-06,1
25,2012502214528,2012502214528,035,4,687,2012502214528,0,004,119,1500,0,0,0,25_C_4_687_20240314141229_0_P.csv,2024-02-05,1
25,2009102076208,2009102076208,035,4,192,2009102076208,0,004,303,1000,0,0,0,25_C_4_192_20240301120140_0_P.csv,2024-02-01,1
25,2023103533130,2023103533130,035,4,219,2023103533130,0,034,70,2500,0,0,0,25_C_4_219_20240301120717_0_P.csv,2024-02-01,1
25,2018502494433,2018502494433,035,4,499,2018502494433,0,005,75,2000,0,0,0,25_C_4_499_20240306133731_0_P.csv,2024-02-04,1
25,2019502502443,2019502502443,035,4,251,2019502502443,0,455,269,3000,0,1200,1200,25_C_4_251_20240301151525_0_P.csv,2024-02-02,1
25,0251050036447,0251050036447,035,4,251,0251050036447,0,007,414,2500,0,0,0,25_C_4_251_20240301151525_0_P.csv,2024-02-02,1
25,0751070007496,0751070007496,035,4,751,0751070007496,0,018,170,3000,0,0,0,25_C_4_751_20240314153454_0_P.csv,2024-02-06,1
25,2022072091665,2022072091665,035,4,100,2022072091665,0,005,8,2000,0,0,0,25_C_4_100_20240301111136_0_P.csv,2024-02-01,1
25,2021072078598,2021072078598,035,4,100,2021072078598,0,005,9,2000,0,0,0,25_C_4_100_20240301111136_0_P.csv,2024-02-01,1
25,0192050015360,0192050015360,035,4,192,0192050015360,0,005,159,1500,0,0,0,25_C_4_192_20240301120140_0_P.csv,2024-02-01,1
25,2023502657322,2023502657322,035,4,401,2023502657322,0,023,8,9000,0,1400,0,25_C_4_401_20240306130805_0_P.csv,2024-02-03,1
25,0257800037122,0257800037122,035,4,257,0257800037122,0,039,106,1000,0,0,0,25_C_4_257_20240301150945_0_P.csv,2024-02-02,1
25,2018103127688,2018103127688,035,4,499,2018103127688,0,034,72,5000,0,0,0,25_C_4_499_20240306133731_0_P.csv,2024-02-04,1
25,2018502479290,2018502479290,035,4,251,2018502479290,0,455,269,4000,0,1200,1200,25_C_4_251_20240301151525_0_P.csv,2024-02-02,1
25,2015502352415,2015502352415,035,4,180,2015502352415,0,023,900,4000,0,0,0,25_C_4_180_20240301115032_0_P.csv,2024-02-01,1
25,2017062059611,2017062059611,035,4,742,2017062059611,0,023,13,4000,0,0,0,25_C_4_742_20240314151458_0_P.csv,2024-02-06,1
25,2019502524193,2019502524193,035,4,100,2019502524193,0,034,36,3000,0,0,0,25_C_4_100_20240301111136_0_P.csv,2024-02-01,1
25,2014102733865,2014102733865,035,4,385,2014102733865,0,082,27,8000,0,0,0,25_C_4_385_20240306130345_0_P.csv,2024-02-03,1
25,2018052799525,2018052799525,035,4,707,2018052799525,0,038,42,2000,0,0,0,25_C_4_707_20240314144022_0_P.csv,2024-02-05,1
25,2015032239728,2015032239728,035,4,100,2015032239728,0,022,22,3300,0,0,0,25_C_4_100_20240301111136_0_P.csv,2024-02-01,1
25,2021072076327,2021072076327,035,4,100,2021072076327,0,005,10,5000,0,0,0,25_C_4_100_20240301111136_0_P.csv,2024-02-01,1
25,2017032282043,2017032282043,035,4,272,2017032282043,0,034,58,5000,0,0,1000,25_C_4_272_20240306124640_0_P.csv,2024-02-02,1
25,0251030021067,0251030021067,035,4,251,0251030021067,0,032,719,2500,0,1500,1500,25_C_4_251_20240301151525_0_P.csv,2024-02-02,1
25,2018052796593,2018052796593,035,4,133,2018052796593,0,003,13,3300,0,600,600,25_C_4_133_20240301111358_0_P.csv,2024-02-01,1
25,2019502506511,2019502506511,035,4,180,2019502506511,0,005,388,1000,0,0,0,25_C_4_180_20240301115032_0_P.csv,2024-02-01,1
25,2017103011530,2017103011530,035,4,301,2017103011530,0,X08,68,4000,0,1800,1800,25_C_4_301_20240306130241_0_P.csv,2024-02-02,1
25,2017052744862,2017052744862,035,4,707,2017052744862,0,038,42,4900,0,0,0,25_C_4_707_20240314144022_0_P.csv,2024-02-05,1
25,2013502262322,2013502262322,035,4,687,2013502262322,0,005,61,3000,0,0,0,25_C_4_687_20240314141229_0_P.csv,2024-02-05,1
25,2010102303019,2010102303019,035,4,735,2010102303019,0,034,2376,1000,0,0,0,25_C_4_735_20240314150742_0_P.csv,2024-02-06,1
25,2018082045750,2018082045750,035,4,460,2018082045750,0,035,37,2000,0,1300,1300,25_C_4_460_20240306132550_0_P.csv,2024-02-03,1
25,2021502610458,2021502610458,035,4,180,2021502610458,0,036,433,2500,0,0,0,25_C_4_180_20240301115032_0_P.csv,2024-02-01,1
25,2020072074865,2020072074865,035,4,100,2020072074865,0,003,76,1500,0,0,0,25_C_4_100_20240301111136_0_P.csv,2024-02-01,1
25,2016102906562,2016102906562,035,4,174,2016102906562,0,005,131,5000,0,0,0,25_C_4_174_20240301114220_0_P.csv,2024-02-01,1
25,2012502201414,2012502201414,035,4,687,2012502201414,0,005,76,1500,0,0,0,25_C_4_687_20240314141229_0_P.csv,2024-02-05,1
25,2012052330448,2012052330448,035,4,299,2012052330448,0,E45,347,2000,0,0,0,25_C_4_299_20240306125600_0_P.csv,2024-02-02,1
25,2019502526541,2019502526541,035,4,100,2019502526541,0,864,1,2320,0,0,0,25_C_4_100_20240301111136_0_P.csv,2024-02-01,1
25,2023502681905,2023502681905,035,4,742,2023502681905,0,005,214,2000,0,0,0,25_C_4_742_20240314151458_0_P.csv,2024-02-06,1
25,2014502289296,2014502289296,035,4,257,2014502289296,0,455,511,2000,0,0,0,25_C_4_257_20240301150945_0_P.csv,2024-02-02,1
25,2012010773659,2012010773659,035,4,445,2012010773659,0,035,445 ,2400,0,0,0,25_C_4_445_20240306132045_0_P.csv,2024-02-03,1
25,2016502407689,2016502407689,035,4,251,2016502407689,0,864,949,5000,0,1000,1000,25_C_4_251_20240301151525_0_P.csv,2024-02-02,1
25,2019502521971,2019502521971,035,4,180,2019502521971,0,022,612,1300,0,0,0,25_C_4_180_20240301115032_0_P.csv,2024-02-01,1
25,2009052102523,2009052102523,035,4,253,2009052102523,0,034,75,1500,0,1800,1800,25_C_4_253_20240301150036_0_P.csv,2024-02-02,1
25,2020103269584,2020103269584,035,4,143,2020103269584,0,034,11,4000,0,1100,1100,25_C_4_143_20240301113717_0_P.csv,2024-02-01,1
25,2020062097305,2020062097305,035,4,742,2020062097305,0,023,13,4000,0,0,0,25_C_4_742_20240314151458_0_P.csv,2024-02-06,1
25,2023015001103,2023015001103,035,4,226,2023015001103,0,035,155 ,6000,0,0,0,25_C_4_226_20240301121229_0_P.csv,2024-02-01,1
25,2020502553576,2020502553576,035,4,401,2020502553576,0,864,24,4000,0,0,0,25_C_4_401_20240306130805_0_P.csv,2024-02-03,1
25,2020502596672,2020502596672,035,4,100,2020502596672,0,023,1,4000,0,0,0,25_C_4_100_20240301111136_0_P.csv,2024-02-01,1
25,2024072095964,2024072095964,035,4,100,2024072095964,0,003,3,3000,0,0,0,25_C_4_100_20240301111136_0_P.csv,2024-02-01,1
25,2012010103143,2012010103143,035,4,470,2012010103143,0,035,33 ,3500,0,0,0,25_C_4_470_20240306133139_0_P.csv,2024-02-04,1
25,0800100014365,0800100014365,035,4,800,0800100014365,0,864,160,1000,0,0,0,25_C_4_800_20240314154059_0_P.csv,2024-02-06,1
25,2019502538121,2019502538121,035,4,180,2019502538121,0,023,2301,3000,0,0,0,25_C_4_180_20240301115032_0_P.csv,2024-02-01,1
25,0254050059361,0254050059361,035,4,254,0254050059361,0,003,146,5000,0,0,0,25_C_4_254_20240301150457_0_P.csv,2024-02-02,1
25,2018502494293,2018502494293,035,4,100,2018502494293,0,034,36,3000,0,0,0,25_C_4_100_20240301111136_0_P.csv,2024-02-01,1
25,2014102740906,2014102740906,035,4,174,2014102740906,0,005,131,5000,0,0,0,25_C_4_174_20240301114220_0_P.csv,2024-02-01,1
25,2022502633730,2022502633730,035,4,251,2022502633730,0,023,492,4000,0,0,0,25_C_4_251_20240301151525_0_P.csv,2024-02-02,1
25,2020502567536,2020502567536,035,4,251,2020502567536,0,023,111,2400,0,1800,1800,25_C_4_251_20240301151525_0_P.csv,2024-02-02,1
25,2017502434133,2017502434133,035,4,180,2017502434133,0,038,418,2000,0,0,0,25_C_4_180_20240301115032_0_P.csv,2024-02-01,1
25,2021062106175,2021062106175,035,4,742,2021062106175,0,023,13,4000,0,0,0,25_C_4_742_20240314151458_0_P.csv,2024-02-06,1
25,2019502500190,2019502500190,035,4,180,2019502500190,0,023,2301,2500,0,0,0,25_C_4_180_20240301115032_0_P.csv,2024-02-01,1
25,2022053011293,2022053011293,035,4,253,2022053011293,0,013,648,4500,0,0,0,25_C_4_253_20240301150036_0_P.csv,2024-02-02,1
25,2021502618240,2021502618240,035,4,180,2021502618240,0,036,2302,1500,0,0,0,25_C_4_180_20240301115032_0_P.csv,2024-02-01,1
25,2012502210196,2012502210196,035,4,100,2012502210196,0,005,997,1000,0,0,0,25_C_4_100_20240301111136_0_P.csv,2024-02-01,1
25,2021032466110,2021032466110,035,4,180,2021032466110,0,023,900,5000,0,0,0,25_C_4_180_20240301115032_0_P.csv,2024-02-01,1
25,2019103240075,2019103240075,035,4,255,2019103240075,0,023,21,1000,0,1100,1100,25_C_4_255_20240301150822_0_P.csv,2024-02-02,1
25,2012010528539,2012010528539,035,4,609,2012010528539,0,032,32 ,2000,0,0,0,25_C_4_609_20240314142847_0_P.csv,2024-02-04,1
25,2008062011578,2008062011578,035,4,251,2008062011578,0,005,79,4000,0,0,0,25_C_4_251_20240301151525_0_P.csv,2024-02-02,1
25,2024502688263,2024502688263,035,4,251,2024502688263,0,013,515,1500,0,0,0,25_C_4_251_20240301151525_0_P.csv,2024-02-02,1
25,2021502605940,2021502605940,035,4,251,2021502605940,0,023,111,4000,0,0,0,25_C_4_251_20240301151525_0_P.csv,2024-02-02,1
25,2010302022176,2010302022176,035,4,328,2010302022176,0,386,10,2000,0,0,0,25_C_4_328_20240306132609_0_P.csv,2024-02-02,1
25,2021502612966,2021502612966,035,4,251,2021502612966,0,014,207,3000,0,0,1000,25_C_4_251_20240301151525_0_P.csv,2024-02-02,1
25,2021502611630,2021502611630,035,4,180,2021502611630,0,014,912,2500,0,0,0,25_C_4_180_20240301115032_0_P.csv,2024-02-01,1
25,2021502619428,2021502619428,035,4,180,2021502619428,0,036,433,2500,0,0,0,25_C_4_180_20240301115032_0_P.csv,2024-02-01,1
25,2023062120089,2023062120089,035,4,499,2023062120089,0,455,31,4000,0,0,0,25_C_4_499_20240306133731_0_P.csv,2024-02-04,1
25,2011502178759,2011502178759,035,4,687,2011502178759,0,005,76,1500,0,0,0,25_C_4_687_20240314141229_0_P.csv,2024-02-05,1
25,2018502468912,2018502468912,035,4,180,2018502468912,0,022,612,1300,0,0,0,25_C_4_180_20240301115032_0_P.csv,2024-02-01,1
25,2022072080172,2022072080172,035,4,299,2022072080172,0,003,26,5000,0,0,0,25_C_4_299_20240306125600_0_P.csv,2024-02-02,1
25,2019502525571,2019502525571,035,4,817,2019502525571,0,034,1,2000,0,0,0,25_C_4_817_20240314155811_0_P.csv,2024-02-06,1
25,2011502187350,2011502187350,035,4,687,2011502187350,0,034,140,2000,0,0,0,25_C_4_687_20240314141229_0_P.csv,2024-02-05,1
25,2017502449363,2017502449363,035,4,100,2017502449363,0,199,3,2500,0,0,0,25_C_4_100_20240301111136_0_P.csv,2024-02-01,1
25,2021062106056,2021062106056,035,4,742,2021062106056,0,023,13,4000,0,0,0,25_C_4_742_20240314151458_0_P.csv,2024-02-06,1
25,2011502172943,2011502172943,035,4,687,2011502172943,0,004,119,1500,0,0,0,25_C_4_687_20240314141229_0_P.csv,2024-02-05,1
25,2016072044738,2016072044738,035,4,100,2016072044738,0,005,94,2500,0,0,0,25_C_4_100_20240301111136_0_P.csv,2024-02-01,1
25,2018502463169,2018502463169,035,4,817,2018502463169,0,022,164,1500,0,0,0,25_C_4_817_20240314155811_0_P.csv,2024-02-06,1
25,2014072038396,2014072038396,035,4,699,2014072038396,0,883,65,5000,0,0,0,25_C_4_699_20240314142137_0_P.csv,2024-02-05,1
25,2016502408762,2016502408762,035,4,100,2016502408762,0,038,998,1500,0,0,0,25_C_4_100_20240301111136_0_P.csv,2024-02-01,1
25,2020502548393,2020502548393,035,4,499,2020502548393,0,057,82,2500,0,0,0,25_C_4_499_20240306133731_0_P.csv,2024-02-04,1
25,2009102104229,2009102104229,035,4,764,2009102104229,0,016,252,5000,0,0,0,25_C_4_764_20240314153750_0_P.csv,2024-02-06,1
25,2019052865681,2019052865681,035,4,299,2019052865681,0,014,14,5000,0,0,0,25_C_4_299_20240306125600_0_P.csv,2024-02-02,1
25,2013102615002,2013102615002,035,4,174,2013102615002,0,005,235,5000,0,0,0,25_C_4_174_20240301114220_0_P.csv,2024-02-01,1
25,2021502606672,2021502606672,035,4,251,2021502606672,0,864,42,5000,0,0,0,25_C_4_251_20240301151525_0_P.csv,2024-02-02,1
25,2018502493452,2018502493452,035,4,737,2018502493452,0,014,14,4000,0,0,0,25_C_4_737_20240314151027_0_P.csv,2024-02-06,1
25,2021302100762,2021302100762,035,4,470,2021302100762,0,034,77,4000,0,400,0,25_C_4_470_20240306133139_0_P.csv,2024-02-04,1
25,2011502187751,2011502187751,035,4,180,2011502187751,0,816,349,1500,0,0,0,25_C_4_180_20240301115032_0_P.csv,2024-02-01,1
25,2012102473323,2012102473323,035,4,174,2012102473323,0,005,235,5000,0,0,0,25_C_4_174_20240301114220_0_P.csv,2024-02-01,1
25,2018502468906,2018502468906,035,4,180,2018502468906,0,022,612,1300,0,0,0,25_C_4_180_20240301115032_0_P.csv,2024-02-01,1
25,2019502512715,2019502512715,035,4,499,2019502512715,0,014,29,1000,0,0,0,25_C_4_499_20240306133731_0_P.csv,2024-02-04,1
25,2020062075598,2020062075598,035,4,180,2020062075598,0,036,2302,2500,0,0,0,25_C_4_180_20240301115032_0_P.csv,2024-02-01,1
25,2016032267991,2016032267991,035,4,254,2016032267991,0,005,245,4500,0,1350,1350,25_C_4_254_20240301150457_0_P.csv,2024-02-02,1
25,2018502486063,2018502486063,035,4,251,2018502486063,0,034,850,1500,0,1800,1800,25_C_4_251_20240301151525_0_P.csv,2024-02-02,1
25,2019502536983,2019502536983,035,4,180,2019502536983,0,036,2302,2500,0,0,0,25_C_4_180_20240301115032_0_P.csv,2024-02-01,1
25,2017103014640,2017103014640,035,4,174,2017103014640,0,005,235,5000,0,0,0,25_C_4_174_20240301114220_0_P.csv,2024-02-01,1
25,2020072074871,2020072074871,035,4,100,2020072074871,0,034,1,1500,0,0,0,25_C_4_100_20240301111136_0_P.csv,2024-02-01,1
25,2020502591234,2020502591234,035,4,180,2020502591234,0,005,388,1000,0,0,0,25_C_4_180_20240301115032_0_P.csv,2024-02-01,1
25,2017072047298,2017072047298,035,4,100,2017072047298,0,005,94,1500,0,0,0,25_C_4_100_20240301111136_0_P.csv,2024-02-01,1
25,2020502563730,2020502563730,035,4,180,2020502563730,0,005,388,1000,0,0,0,25_C_4_180_20240301115032_0_P.csv,2024-02-01,1
25,2017062057710,2017062057710,035,4,742,2017062057710,0,023,13,4000,0,0,0,25_C_4_742_20240314151458_0_P.csv,2024-02-06,1
